-- phpMyAdmin SQL Dump
-- version 5.2.0
-- https://www.phpmyadmin.net/
--
-- Host: 127.0.0.1
-- Generation Time: Nov 10, 2023 at 06:39 AM
-- Server version: 10.4.27-MariaDB
-- PHP Version: 8.1.12

SET SQL_MODE = "NO_AUTO_VALUE_ON_ZERO";
START TRANSACTION;
SET time_zone = "+00:00";


/*!40101 SET @OLD_CHARACTER_SET_CLIENT=@@CHARACTER_SET_CLIENT */;
/*!40101 SET @OLD_CHARACTER_SET_RESULTS=@@CHARACTER_SET_RESULTS */;
/*!40101 SET @OLD_COLLATION_CONNECTION=@@COLLATION_CONNECTION */;
/*!40101 SET NAMES utf8mb4 */;

--
-- Database: `laravel_hr-mangement`
--

-- --------------------------------------------------------

--
-- Table structure for table `employees`
--

CREATE TABLE `employees` (
  `id` bigint(20) UNSIGNED NOT NULL,
  `manager_id` bigint(20) UNSIGNED DEFAULT NULL,
  `job_id` bigint(20) UNSIGNED DEFAULT NULL,
  `name` varchar(255) NOT NULL,
  `email` varchar(255) NOT NULL,
  `age` int(11) NOT NULL,
  `hire_date` date NOT NULL,
  `salary` double(12,3) NOT NULL,
  `gender` int(11) DEFAULT NULL,
  `is_founder` tinyint(1) NOT NULL DEFAULT 0,
  `created_by` bigint(20) UNSIGNED DEFAULT NULL,
  `updated_by` bigint(20) UNSIGNED DEFAULT NULL,
  `deleted_at` timestamp NULL DEFAULT NULL,
  `created_at` timestamp NULL DEFAULT NULL,
  `updated_at` timestamp NULL DEFAULT NULL
) ENGINE=InnoDB DEFAULT CHARSET=utf8mb4 COLLATE=utf8mb4_unicode_ci;

--
-- Dumping data for table `employees`
--

INSERT INTO `employees` (`id`, `manager_id`, `job_id`, `name`, `email`, `age`, `hire_date`, `salary`, `gender`, `is_founder`, `created_by`, `updated_by`, `deleted_at`, `created_at`, `updated_at`) VALUES
(1, NULL, 1, 'Dr. Anibal D\'Amore', 'anibal@tornet.co', 46, '1995-10-31', 3000.000, 0, 1, NULL, NULL, NULL, '2023-11-10 02:39:05', '2023-11-10 02:39:05'),
(2, 15, 10, 'Ms. Casandra Weimann V', 'itillman@yahoo.com', 46, '2005-11-10', 1938.000, 0, 0, NULL, NULL, NULL, '2023-11-10 02:39:06', '2023-11-10 02:39:13'),
(3, 42, 6, 'Peyton Thiel', 'maritza94@goodwin.biz', 21, '1982-02-16', 1721.000, 1, 0, NULL, NULL, NULL, '2023-11-10 02:39:06', '2023-11-10 02:39:13'),
(4, 41, 11, 'Jessyca Rutherford', 'bins.irma@marvin.com', 52, '1982-11-27', 1828.000, 0, 0, NULL, NULL, NULL, '2023-11-10 02:39:06', '2023-11-10 02:39:13'),
(5, 25, 6, 'Constance Grant', 'antonio25@gmail.com', 37, '1991-10-20', 1639.000, 2, 0, NULL, NULL, NULL, '2023-11-10 02:39:06', '2023-11-10 02:39:13'),
(6, 18, 8, 'Madison Gibson', 'julio20@rempel.com', 54, '1989-10-01', 1812.000, 1, 0, NULL, NULL, NULL, '2023-11-10 02:39:06', '2023-11-10 02:39:13'),
(7, 18, 6, 'Odell McLaughlin', 'pwhite@pollich.org', 24, '1984-03-22', 1845.000, 2, 0, NULL, NULL, NULL, '2023-11-10 02:39:06', '2023-11-10 02:39:13'),
(8, 39, 4, 'Willie Fay', 'luz.ohara@howe.com', 35, '2010-12-20', 1220.000, 2, 0, NULL, NULL, NULL, '2023-11-10 02:39:06', '2023-11-10 02:39:13'),
(9, 18, 4, 'Marcos Littel', 'hildegard93@hammes.biz', 55, '2013-07-31', 1804.000, 0, 0, NULL, NULL, NULL, '2023-11-10 02:39:06', '2023-11-10 02:39:13'),
(10, 45, 11, 'Maud Simonis', 'nienow.kenneth@yahoo.com', 45, '2019-09-28', 1092.000, 1, 0, NULL, NULL, NULL, '2023-11-10 02:39:06', '2023-11-10 02:39:13'),
(11, 45, 3, 'Loraine Lakin', 'mathew.borer@davis.com', 58, '2004-07-09', 1335.000, 0, 0, NULL, NULL, NULL, '2023-11-10 02:39:06', '2023-11-10 02:39:13'),
(12, 2, 9, 'Boyd Braun', 'plegros@zulauf.com', 23, '1982-11-26', 1247.000, 1, 0, NULL, NULL, NULL, '2023-11-10 02:39:06', '2023-11-10 02:39:13'),
(13, 45, 3, 'Mr. Jovani Halvorson V', 'melba02@brekke.com', 30, '1988-10-19', 1002.000, 1, 0, NULL, NULL, NULL, '2023-11-10 02:39:06', '2023-11-10 02:39:13'),
(14, 36, 11, 'Piper Johnson', 'justen.schamberger@gorczany.com', 32, '1993-06-16', 1106.000, 1, 0, NULL, NULL, NULL, '2023-11-10 02:39:06', '2023-11-10 02:39:13'),
(15, 8, 10, 'Isaac Bartell', 'willa30@harber.biz', 38, '2001-12-14', 1795.000, 1, 0, NULL, NULL, NULL, '2023-11-10 02:39:06', '2023-11-10 02:39:13'),
(16, 50, 1, 'Miss Caitlyn Welch DDS', 'aschroeder@yost.org', 52, '1994-06-20', 1516.000, 1, 0, NULL, NULL, NULL, '2023-11-10 02:39:06', '2023-11-10 02:39:13'),
(17, 23, 5, 'Mr. Dedric Olson', 'dickinson.keegan@gmail.com', 39, '2006-08-22', 1320.000, 0, 0, NULL, NULL, NULL, '2023-11-10 02:39:06', '2023-11-10 02:39:13'),
(18, 46, 10, 'Shana Waelchi', 'satterfield.ignacio@hotmail.com', 50, '2009-03-12', 1545.000, 2, 0, NULL, NULL, NULL, '2023-11-10 02:39:06', '2023-11-10 02:39:13'),
(19, 28, 4, 'Abagail Hartmann', 'meggie.nader@reynolds.com', 33, '1987-03-05', 1943.000, 0, 0, NULL, NULL, NULL, '2023-11-10 02:39:06', '2023-11-10 02:39:13'),
(20, 36, 10, 'Mr. Westley Bauch III', 'keara.nikolaus@gmail.com', 57, '1995-08-22', 1298.000, 0, 0, NULL, NULL, NULL, '2023-11-10 02:39:07', '2023-11-10 02:39:13'),
(21, 8, 5, 'Carolina Okuneva', 'angelo17@bechtelar.biz', 28, '1972-04-14', 1511.000, 2, 0, NULL, NULL, NULL, '2023-11-10 02:39:07', '2023-11-10 02:39:13'),
(22, 48, 1, 'Wade Strosin', 'laverne80@von.org', 38, '2015-08-11', 1684.000, 2, 0, NULL, NULL, NULL, '2023-11-10 02:39:07', '2023-11-10 02:39:13'),
(23, 39, 7, 'Wilma Ebert', 'schmidt.arturo@yahoo.com', 36, '1973-09-15', 1514.000, 1, 0, NULL, NULL, NULL, '2023-11-10 02:39:07', '2023-11-10 02:39:13'),
(24, 11, 1, 'Johanna Goldner', 'misael60@maggio.org', 33, '2017-07-26', 1647.000, 1, 0, NULL, NULL, NULL, '2023-11-10 02:39:07', '2023-11-10 02:39:13'),
(25, 15, 2, 'Rosemarie Halvorson', 'conor10@yahoo.com', 25, '2001-01-09', 1530.000, 1, 0, NULL, NULL, NULL, '2023-11-10 02:39:07', '2023-11-10 02:39:13'),
(26, 8, 14, 'Verdie Dickinson', 'dortha.terry@gmail.com', 40, '2005-12-20', 1973.000, 1, 0, NULL, NULL, NULL, '2023-11-10 02:39:07', '2023-11-10 02:39:13'),
(27, 45, 5, 'Leopold Walker', 'lance13@williamson.com', 40, '1977-10-10', 1690.000, 0, 0, NULL, NULL, NULL, '2023-11-10 02:39:08', '2023-11-10 02:39:13'),
(28, 33, 1, 'Kenny Jakubowski', 'landen86@von.com', 51, '2015-05-29', 1785.000, 0, 0, NULL, NULL, NULL, '2023-11-10 02:39:08', '2023-11-10 02:39:13'),
(29, 4, 13, 'Shayna Krajcik PhD', 'alana35@hotmail.com', 26, '1995-08-29', 1443.000, 0, 0, NULL, NULL, NULL, '2023-11-10 02:39:08', '2023-11-10 02:39:13'),
(30, 2, 2, 'Sienna Bode', 'fharvey@yahoo.com', 30, '1999-10-03', 1800.000, 1, 0, NULL, NULL, NULL, '2023-11-10 02:39:08', '2023-11-10 02:39:13'),
(31, 46, 12, 'Elisabeth Walsh', 'amiya13@hotmail.com', 24, '1999-03-04', 1868.000, 0, 0, NULL, NULL, NULL, '2023-11-10 02:39:08', '2023-11-10 02:39:13'),
(32, 35, 10, 'Jed Leannon', 'denesik.lawson@hotmail.com', 27, '1974-03-19', 1709.000, 0, 0, NULL, NULL, NULL, '2023-11-10 02:39:09', '2023-11-10 02:39:13'),
(33, 11, 4, 'Raul Homenick', 'rwolf@dach.com', 55, '1988-08-30', 1455.000, 0, 0, NULL, NULL, NULL, '2023-11-10 02:39:09', '2023-11-10 02:39:13'),
(34, 8, 5, 'Natalia Schulist V', 'schultz.elmo@hotmail.com', 58, '1987-03-21', 1413.000, 2, 0, NULL, NULL, NULL, '2023-11-10 02:39:09', '2023-11-10 02:39:13'),
(35, 24, 11, 'Benny Strosin Jr.', 'rboyle@gmail.com', 27, '2001-07-13', 1444.000, 0, 0, NULL, NULL, NULL, '2023-11-10 02:39:09', '2023-11-10 02:39:13'),
(36, 48, 9, 'Helena Ziemann', 'krau@sawayn.com', 28, '2021-05-03', 1453.000, 2, 0, NULL, NULL, NULL, '2023-11-10 02:39:10', '2023-11-10 02:39:13'),
(37, 43, 13, 'Dr. Blair Borer', 'cordelia.goyette@macejkovic.com', 19, '2023-01-28', 1527.000, 0, 0, NULL, NULL, NULL, '2023-11-10 02:39:10', '2023-11-10 02:39:13'),
(38, 11, 6, 'Trudie Nader', 'verona69@gmail.com', 22, '1992-07-03', 1254.000, 2, 0, NULL, NULL, NULL, '2023-11-10 02:39:10', '2023-11-10 02:39:13'),
(39, 8, 5, 'Teagan Barton', 'else.morar@yahoo.com', 24, '2018-04-10', 1189.000, 1, 0, NULL, NULL, NULL, '2023-11-10 02:39:10', '2023-11-10 02:39:13'),
(40, 16, 14, 'Dr. Katelyn Carter', 'jhessel@krajcik.com', 40, '1977-06-23', 1726.000, 0, 0, NULL, NULL, NULL, '2023-11-10 02:39:10', '2023-11-10 02:39:13'),
(41, 5, 8, 'Arnaldo Roberts', 'stoltenberg.marie@lind.com', 35, '1996-07-28', 1308.000, 2, 0, NULL, NULL, NULL, '2023-11-10 02:39:11', '2023-11-10 02:39:13'),
(42, 28, 5, 'Bonnie Kub', 'dino77@yahoo.com', 31, '1972-06-15', 1496.000, 1, 0, NULL, NULL, NULL, '2023-11-10 02:39:11', '2023-11-10 02:39:13'),
(43, 44, 7, 'Mina Rutherford', 'isabell.schuppe@toy.com', 42, '2000-11-22', 1600.000, 0, 0, NULL, NULL, NULL, '2023-11-10 02:39:11', '2023-11-10 02:39:13'),
(44, 5, 10, 'Arnulfo Schneider', 'yasmine.johnston@hagenes.com', 54, '1979-10-05', 1357.000, 2, 0, NULL, NULL, NULL, '2023-11-10 02:39:11', '2023-11-10 02:39:13'),
(45, 3, 13, 'Dr. Angel Kling Sr.', 'roxane.ryan@yahoo.com', 53, '1979-01-08', 1994.000, 1, 0, NULL, NULL, NULL, '2023-11-10 02:39:11', '2023-11-10 02:39:13'),
(46, 37, 14, 'Cindy King', 'lucy.boyer@yahoo.com', 52, '2010-07-01', 1947.000, 0, 0, NULL, NULL, NULL, '2023-11-10 02:39:12', '2023-11-10 02:39:13'),
(47, 18, 7, 'Dariana Prosacco', 'elouise.spencer@flatley.com', 34, '1991-10-01', 1582.000, 2, 0, NULL, NULL, NULL, '2023-11-10 02:39:12', '2023-11-10 02:39:13'),
(48, 30, 3, 'Candice Kuvalis', 'rwatsica@carter.com', 36, '1996-01-23', 1705.000, 1, 0, NULL, NULL, NULL, '2023-11-10 02:39:12', '2023-11-10 02:39:13'),
(49, 35, 9, 'Dion Hilpert', 'ybartell@crooks.com', 23, '2009-10-29', 1076.000, 1, 0, NULL, NULL, NULL, '2023-11-10 02:39:12', '2023-11-10 02:39:13'),
(50, 17, 5, 'Blanca Gleason', 'zokeefe@hotmail.com', 20, '2017-04-13', 1212.000, 2, 0, NULL, NULL, NULL, '2023-11-10 02:39:13', '2023-11-10 02:39:13'),
(51, 1, 12, 'Bernadette Grimes', 'madyson.mcdermott@runolfsson.com', 45, '1993-04-04', 1784.000, 0, 0, NULL, NULL, NULL, '2023-11-10 02:39:13', '2023-11-10 02:39:13');

-- --------------------------------------------------------

--
-- Table structure for table `employee_jobs`
--

CREATE TABLE `employee_jobs` (
  `id` bigint(20) UNSIGNED NOT NULL,
  `name` varchar(255) NOT NULL,
  `created_by` bigint(20) UNSIGNED DEFAULT NULL,
  `updated_by` bigint(20) UNSIGNED DEFAULT NULL,
  `deleted_at` timestamp NULL DEFAULT NULL,
  `created_at` timestamp NULL DEFAULT NULL,
  `updated_at` timestamp NULL DEFAULT NULL
) ENGINE=InnoDB DEFAULT CHARSET=utf8mb4 COLLATE=utf8mb4_unicode_ci;

--
-- Dumping data for table `employee_jobs`
--

INSERT INTO `employee_jobs` (`id`, `name`, `created_by`, `updated_by`, `deleted_at`, `created_at`, `updated_at`) VALUES
(1, 'Founder', NULL, NULL, NULL, '2023-11-10 02:39:05', '2023-11-10 02:39:05'),
(2, 'CEO', NULL, NULL, NULL, '2023-11-10 02:39:05', '2023-11-10 02:39:05'),
(3, 'CTO', NULL, NULL, NULL, '2023-11-10 02:39:05', '2023-11-10 02:39:05'),
(4, 'COO', NULL, NULL, NULL, '2023-11-10 02:39:05', '2023-11-10 02:39:05'),
(5, 'CFO', NULL, NULL, NULL, '2023-11-10 02:39:05', '2023-11-10 02:39:05'),
(6, 'CMO', NULL, NULL, NULL, '2023-11-10 02:39:05', '2023-11-10 02:39:05'),
(7, 'CIO', NULL, NULL, NULL, '2023-11-10 02:39:05', '2023-11-10 02:39:05'),
(8, 'CSO', NULL, NULL, NULL, '2023-11-10 02:39:05', '2023-11-10 02:39:05'),
(9, 'VP', NULL, NULL, NULL, '2023-11-10 02:39:05', '2023-11-10 02:39:05'),
(10, 'Director', NULL, NULL, NULL, '2023-11-10 02:39:05', '2023-11-10 02:39:05'),
(11, 'Manager', NULL, NULL, NULL, '2023-11-10 02:39:05', '2023-11-10 02:39:05'),
(12, 'Engineer', NULL, NULL, NULL, '2023-11-10 02:39:05', '2023-11-10 02:39:05'),
(13, 'Staff', NULL, NULL, NULL, '2023-11-10 02:39:05', '2023-11-10 02:39:05'),
(14, 'Intern', NULL, NULL, NULL, '2023-11-10 02:39:05', '2023-11-10 02:39:05');

-- --------------------------------------------------------

--
-- Table structure for table `employee_logs`
--

CREATE TABLE `employee_logs` (
  `id` bigint(20) UNSIGNED NOT NULL,
  `employee_id` bigint(20) UNSIGNED DEFAULT NULL,
  `action` varchar(255) NOT NULL,
  `action_by` bigint(20) UNSIGNED DEFAULT NULL,
  `created_at` timestamp NULL DEFAULT NULL,
  `updated_at` timestamp NULL DEFAULT NULL
) ENGINE=InnoDB DEFAULT CHARSET=utf8mb4 COLLATE=utf8mb4_unicode_ci;

--
-- Dumping data for table `employee_logs`
--

INSERT INTO `employee_logs` (`id`, `employee_id`, `action`, `action_by`, `created_at`, `updated_at`) VALUES
(1, 1, 'Created', NULL, '2023-11-10 02:39:05', '2023-11-10 02:39:05'),
(2, 2, 'Created', NULL, '2023-11-10 02:39:06', '2023-11-10 02:39:06'),
(3, 2, 'Updated', NULL, '2023-11-10 02:39:06', '2023-11-10 02:39:06'),
(4, 3, 'Created', NULL, '2023-11-10 02:39:06', '2023-11-10 02:39:06'),
(5, 2, 'Updated', NULL, '2023-11-10 02:39:06', '2023-11-10 02:39:06'),
(6, 3, 'Updated', NULL, '2023-11-10 02:39:06', '2023-11-10 02:39:06'),
(7, 4, 'Created', NULL, '2023-11-10 02:39:06', '2023-11-10 02:39:06'),
(8, 2, 'Updated', NULL, '2023-11-10 02:39:06', '2023-11-10 02:39:06'),
(9, 3, 'Updated', NULL, '2023-11-10 02:39:06', '2023-11-10 02:39:06'),
(10, 4, 'Updated', NULL, '2023-11-10 02:39:06', '2023-11-10 02:39:06'),
(11, 5, 'Created', NULL, '2023-11-10 02:39:06', '2023-11-10 02:39:06'),
(12, 2, 'Updated', NULL, '2023-11-10 02:39:06', '2023-11-10 02:39:06'),
(13, 4, 'Updated', NULL, '2023-11-10 02:39:06', '2023-11-10 02:39:06'),
(14, 5, 'Updated', NULL, '2023-11-10 02:39:06', '2023-11-10 02:39:06'),
(15, 6, 'Created', NULL, '2023-11-10 02:39:06', '2023-11-10 02:39:06'),
(16, 2, 'Updated', NULL, '2023-11-10 02:39:06', '2023-11-10 02:39:06'),
(17, 3, 'Updated', NULL, '2023-11-10 02:39:06', '2023-11-10 02:39:06'),
(18, 5, 'Updated', NULL, '2023-11-10 02:39:06', '2023-11-10 02:39:06'),
(19, 6, 'Updated', NULL, '2023-11-10 02:39:06', '2023-11-10 02:39:06'),
(20, 7, 'Created', NULL, '2023-11-10 02:39:06', '2023-11-10 02:39:06'),
(21, 2, 'Updated', NULL, '2023-11-10 02:39:06', '2023-11-10 02:39:06'),
(22, 3, 'Updated', NULL, '2023-11-10 02:39:06', '2023-11-10 02:39:06'),
(23, 4, 'Updated', NULL, '2023-11-10 02:39:06', '2023-11-10 02:39:06'),
(24, 5, 'Updated', NULL, '2023-11-10 02:39:06', '2023-11-10 02:39:06'),
(25, 6, 'Updated', NULL, '2023-11-10 02:39:06', '2023-11-10 02:39:06'),
(26, 7, 'Updated', NULL, '2023-11-10 02:39:06', '2023-11-10 02:39:06'),
(27, 8, 'Created', NULL, '2023-11-10 02:39:06', '2023-11-10 02:39:06'),
(28, 2, 'Updated', NULL, '2023-11-10 02:39:06', '2023-11-10 02:39:06'),
(29, 3, 'Updated', NULL, '2023-11-10 02:39:06', '2023-11-10 02:39:06'),
(30, 4, 'Updated', NULL, '2023-11-10 02:39:06', '2023-11-10 02:39:06'),
(31, 5, 'Updated', NULL, '2023-11-10 02:39:06', '2023-11-10 02:39:06'),
(32, 6, 'Updated', NULL, '2023-11-10 02:39:06', '2023-11-10 02:39:06'),
(33, 7, 'Updated', NULL, '2023-11-10 02:39:06', '2023-11-10 02:39:06'),
(34, 8, 'Updated', NULL, '2023-11-10 02:39:06', '2023-11-10 02:39:06'),
(35, 9, 'Created', NULL, '2023-11-10 02:39:06', '2023-11-10 02:39:06'),
(36, 2, 'Updated', NULL, '2023-11-10 02:39:06', '2023-11-10 02:39:06'),
(37, 3, 'Updated', NULL, '2023-11-10 02:39:06', '2023-11-10 02:39:06'),
(38, 4, 'Updated', NULL, '2023-11-10 02:39:06', '2023-11-10 02:39:06'),
(39, 5, 'Updated', NULL, '2023-11-10 02:39:06', '2023-11-10 02:39:06'),
(40, 7, 'Updated', NULL, '2023-11-10 02:39:06', '2023-11-10 02:39:06'),
(41, 8, 'Updated', NULL, '2023-11-10 02:39:06', '2023-11-10 02:39:06'),
(42, 9, 'Updated', NULL, '2023-11-10 02:39:06', '2023-11-10 02:39:06'),
(43, 10, 'Created', NULL, '2023-11-10 02:39:06', '2023-11-10 02:39:06'),
(44, 2, 'Updated', NULL, '2023-11-10 02:39:06', '2023-11-10 02:39:06'),
(45, 3, 'Updated', NULL, '2023-11-10 02:39:06', '2023-11-10 02:39:06'),
(46, 4, 'Updated', NULL, '2023-11-10 02:39:06', '2023-11-10 02:39:06'),
(47, 5, 'Updated', NULL, '2023-11-10 02:39:06', '2023-11-10 02:39:06'),
(48, 7, 'Updated', NULL, '2023-11-10 02:39:06', '2023-11-10 02:39:06'),
(49, 8, 'Updated', NULL, '2023-11-10 02:39:06', '2023-11-10 02:39:06'),
(50, 9, 'Updated', NULL, '2023-11-10 02:39:06', '2023-11-10 02:39:06'),
(51, 10, 'Updated', NULL, '2023-11-10 02:39:06', '2023-11-10 02:39:06'),
(52, 11, 'Created', NULL, '2023-11-10 02:39:06', '2023-11-10 02:39:06'),
(53, 2, 'Updated', NULL, '2023-11-10 02:39:06', '2023-11-10 02:39:06'),
(54, 3, 'Updated', NULL, '2023-11-10 02:39:06', '2023-11-10 02:39:06'),
(55, 4, 'Updated', NULL, '2023-11-10 02:39:06', '2023-11-10 02:39:06'),
(56, 5, 'Updated', NULL, '2023-11-10 02:39:06', '2023-11-10 02:39:06'),
(57, 7, 'Updated', NULL, '2023-11-10 02:39:06', '2023-11-10 02:39:06'),
(58, 8, 'Updated', NULL, '2023-11-10 02:39:06', '2023-11-10 02:39:06'),
(59, 9, 'Updated', NULL, '2023-11-10 02:39:06', '2023-11-10 02:39:06'),
(60, 10, 'Updated', NULL, '2023-11-10 02:39:06', '2023-11-10 02:39:06'),
(61, 11, 'Updated', NULL, '2023-11-10 02:39:06', '2023-11-10 02:39:06'),
(62, 12, 'Created', NULL, '2023-11-10 02:39:06', '2023-11-10 02:39:06'),
(63, 2, 'Updated', NULL, '2023-11-10 02:39:06', '2023-11-10 02:39:06'),
(64, 3, 'Updated', NULL, '2023-11-10 02:39:06', '2023-11-10 02:39:06'),
(65, 4, 'Updated', NULL, '2023-11-10 02:39:06', '2023-11-10 02:39:06'),
(66, 5, 'Updated', NULL, '2023-11-10 02:39:06', '2023-11-10 02:39:06'),
(67, 6, 'Updated', NULL, '2023-11-10 02:39:06', '2023-11-10 02:39:06'),
(68, 8, 'Updated', NULL, '2023-11-10 02:39:06', '2023-11-10 02:39:06'),
(69, 10, 'Updated', NULL, '2023-11-10 02:39:06', '2023-11-10 02:39:06'),
(70, 12, 'Updated', NULL, '2023-11-10 02:39:06', '2023-11-10 02:39:06'),
(71, 13, 'Created', NULL, '2023-11-10 02:39:06', '2023-11-10 02:39:06'),
(72, 2, 'Updated', NULL, '2023-11-10 02:39:06', '2023-11-10 02:39:06'),
(73, 3, 'Updated', NULL, '2023-11-10 02:39:06', '2023-11-10 02:39:06'),
(74, 4, 'Updated', NULL, '2023-11-10 02:39:06', '2023-11-10 02:39:06'),
(75, 5, 'Updated', NULL, '2023-11-10 02:39:06', '2023-11-10 02:39:06'),
(76, 6, 'Updated', NULL, '2023-11-10 02:39:06', '2023-11-10 02:39:06'),
(77, 7, 'Updated', NULL, '2023-11-10 02:39:06', '2023-11-10 02:39:06'),
(78, 8, 'Updated', NULL, '2023-11-10 02:39:06', '2023-11-10 02:39:06'),
(79, 9, 'Updated', NULL, '2023-11-10 02:39:06', '2023-11-10 02:39:06'),
(80, 10, 'Updated', NULL, '2023-11-10 02:39:06', '2023-11-10 02:39:06'),
(81, 11, 'Updated', NULL, '2023-11-10 02:39:06', '2023-11-10 02:39:06'),
(82, 12, 'Updated', NULL, '2023-11-10 02:39:06', '2023-11-10 02:39:06'),
(83, 13, 'Updated', NULL, '2023-11-10 02:39:06', '2023-11-10 02:39:06'),
(84, 14, 'Created', NULL, '2023-11-10 02:39:06', '2023-11-10 02:39:06'),
(85, 2, 'Updated', NULL, '2023-11-10 02:39:06', '2023-11-10 02:39:06'),
(86, 3, 'Updated', NULL, '2023-11-10 02:39:06', '2023-11-10 02:39:06'),
(87, 4, 'Updated', NULL, '2023-11-10 02:39:06', '2023-11-10 02:39:06'),
(88, 5, 'Updated', NULL, '2023-11-10 02:39:06', '2023-11-10 02:39:06'),
(89, 6, 'Updated', NULL, '2023-11-10 02:39:06', '2023-11-10 02:39:06'),
(90, 7, 'Updated', NULL, '2023-11-10 02:39:06', '2023-11-10 02:39:06'),
(91, 8, 'Updated', NULL, '2023-11-10 02:39:06', '2023-11-10 02:39:06'),
(92, 9, 'Updated', NULL, '2023-11-10 02:39:06', '2023-11-10 02:39:06'),
(93, 10, 'Updated', NULL, '2023-11-10 02:39:06', '2023-11-10 02:39:06'),
(94, 11, 'Updated', NULL, '2023-11-10 02:39:06', '2023-11-10 02:39:06'),
(95, 12, 'Updated', NULL, '2023-11-10 02:39:06', '2023-11-10 02:39:06'),
(96, 13, 'Updated', NULL, '2023-11-10 02:39:06', '2023-11-10 02:39:06'),
(97, 14, 'Updated', NULL, '2023-11-10 02:39:06', '2023-11-10 02:39:06'),
(98, 15, 'Created', NULL, '2023-11-10 02:39:06', '2023-11-10 02:39:06'),
(99, 2, 'Updated', NULL, '2023-11-10 02:39:06', '2023-11-10 02:39:06'),
(100, 3, 'Updated', NULL, '2023-11-10 02:39:06', '2023-11-10 02:39:06'),
(101, 4, 'Updated', NULL, '2023-11-10 02:39:06', '2023-11-10 02:39:06'),
(102, 5, 'Updated', NULL, '2023-11-10 02:39:06', '2023-11-10 02:39:06'),
(103, 6, 'Updated', NULL, '2023-11-10 02:39:06', '2023-11-10 02:39:06'),
(104, 7, 'Updated', NULL, '2023-11-10 02:39:06', '2023-11-10 02:39:06'),
(105, 8, 'Updated', NULL, '2023-11-10 02:39:06', '2023-11-10 02:39:06'),
(106, 9, 'Updated', NULL, '2023-11-10 02:39:06', '2023-11-10 02:39:06'),
(107, 10, 'Updated', NULL, '2023-11-10 02:39:06', '2023-11-10 02:39:06'),
(108, 11, 'Updated', NULL, '2023-11-10 02:39:06', '2023-11-10 02:39:06'),
(109, 12, 'Updated', NULL, '2023-11-10 02:39:06', '2023-11-10 02:39:06'),
(110, 13, 'Updated', NULL, '2023-11-10 02:39:06', '2023-11-10 02:39:06'),
(111, 15, 'Updated', NULL, '2023-11-10 02:39:06', '2023-11-10 02:39:06'),
(112, 16, 'Created', NULL, '2023-11-10 02:39:06', '2023-11-10 02:39:06'),
(113, 2, 'Updated', NULL, '2023-11-10 02:39:06', '2023-11-10 02:39:06'),
(114, 3, 'Updated', NULL, '2023-11-10 02:39:06', '2023-11-10 02:39:06'),
(115, 4, 'Updated', NULL, '2023-11-10 02:39:06', '2023-11-10 02:39:06'),
(116, 5, 'Updated', NULL, '2023-11-10 02:39:06', '2023-11-10 02:39:06'),
(117, 6, 'Updated', NULL, '2023-11-10 02:39:06', '2023-11-10 02:39:06'),
(118, 7, 'Updated', NULL, '2023-11-10 02:39:06', '2023-11-10 02:39:06'),
(119, 8, 'Updated', NULL, '2023-11-10 02:39:06', '2023-11-10 02:39:06'),
(120, 9, 'Updated', NULL, '2023-11-10 02:39:06', '2023-11-10 02:39:06'),
(121, 10, 'Updated', NULL, '2023-11-10 02:39:06', '2023-11-10 02:39:06'),
(122, 11, 'Updated', NULL, '2023-11-10 02:39:06', '2023-11-10 02:39:06'),
(123, 12, 'Updated', NULL, '2023-11-10 02:39:06', '2023-11-10 02:39:06'),
(124, 13, 'Updated', NULL, '2023-11-10 02:39:06', '2023-11-10 02:39:06'),
(125, 14, 'Updated', NULL, '2023-11-10 02:39:06', '2023-11-10 02:39:06'),
(126, 15, 'Updated', NULL, '2023-11-10 02:39:06', '2023-11-10 02:39:06'),
(127, 16, 'Updated', NULL, '2023-11-10 02:39:06', '2023-11-10 02:39:06'),
(128, 17, 'Created', NULL, '2023-11-10 02:39:06', '2023-11-10 02:39:06'),
(129, 2, 'Updated', NULL, '2023-11-10 02:39:06', '2023-11-10 02:39:06'),
(130, 3, 'Updated', NULL, '2023-11-10 02:39:06', '2023-11-10 02:39:06'),
(131, 4, 'Updated', NULL, '2023-11-10 02:39:06', '2023-11-10 02:39:06'),
(132, 6, 'Updated', NULL, '2023-11-10 02:39:06', '2023-11-10 02:39:06'),
(133, 7, 'Updated', NULL, '2023-11-10 02:39:06', '2023-11-10 02:39:06'),
(134, 8, 'Updated', NULL, '2023-11-10 02:39:06', '2023-11-10 02:39:06'),
(135, 9, 'Updated', NULL, '2023-11-10 02:39:06', '2023-11-10 02:39:06'),
(136, 10, 'Updated', NULL, '2023-11-10 02:39:06', '2023-11-10 02:39:06'),
(137, 11, 'Updated', NULL, '2023-11-10 02:39:06', '2023-11-10 02:39:06'),
(138, 12, 'Updated', NULL, '2023-11-10 02:39:06', '2023-11-10 02:39:06'),
(139, 13, 'Updated', NULL, '2023-11-10 02:39:06', '2023-11-10 02:39:06'),
(140, 14, 'Updated', NULL, '2023-11-10 02:39:06', '2023-11-10 02:39:06'),
(141, 15, 'Updated', NULL, '2023-11-10 02:39:06', '2023-11-10 02:39:06'),
(142, 16, 'Updated', NULL, '2023-11-10 02:39:06', '2023-11-10 02:39:06'),
(143, 17, 'Updated', NULL, '2023-11-10 02:39:06', '2023-11-10 02:39:06'),
(144, 18, 'Created', NULL, '2023-11-10 02:39:06', '2023-11-10 02:39:06'),
(145, 2, 'Updated', NULL, '2023-11-10 02:39:06', '2023-11-10 02:39:06'),
(146, 4, 'Updated', NULL, '2023-11-10 02:39:06', '2023-11-10 02:39:06'),
(147, 5, 'Updated', NULL, '2023-11-10 02:39:06', '2023-11-10 02:39:06'),
(148, 6, 'Updated', NULL, '2023-11-10 02:39:06', '2023-11-10 02:39:06'),
(149, 7, 'Updated', NULL, '2023-11-10 02:39:06', '2023-11-10 02:39:06'),
(150, 8, 'Updated', NULL, '2023-11-10 02:39:06', '2023-11-10 02:39:06'),
(151, 9, 'Updated', NULL, '2023-11-10 02:39:06', '2023-11-10 02:39:06'),
(152, 10, 'Updated', NULL, '2023-11-10 02:39:06', '2023-11-10 02:39:06'),
(153, 11, 'Updated', NULL, '2023-11-10 02:39:06', '2023-11-10 02:39:06'),
(154, 12, 'Updated', NULL, '2023-11-10 02:39:06', '2023-11-10 02:39:06'),
(155, 13, 'Updated', NULL, '2023-11-10 02:39:06', '2023-11-10 02:39:06'),
(156, 14, 'Updated', NULL, '2023-11-10 02:39:06', '2023-11-10 02:39:06'),
(157, 15, 'Updated', NULL, '2023-11-10 02:39:06', '2023-11-10 02:39:06'),
(158, 16, 'Updated', NULL, '2023-11-10 02:39:06', '2023-11-10 02:39:06'),
(159, 17, 'Updated', NULL, '2023-11-10 02:39:06', '2023-11-10 02:39:06'),
(160, 18, 'Updated', NULL, '2023-11-10 02:39:06', '2023-11-10 02:39:06'),
(161, 19, 'Created', NULL, '2023-11-10 02:39:06', '2023-11-10 02:39:06'),
(162, 2, 'Updated', NULL, '2023-11-10 02:39:06', '2023-11-10 02:39:06'),
(163, 3, 'Updated', NULL, '2023-11-10 02:39:06', '2023-11-10 02:39:06'),
(164, 4, 'Updated', NULL, '2023-11-10 02:39:06', '2023-11-10 02:39:06'),
(165, 5, 'Updated', NULL, '2023-11-10 02:39:06', '2023-11-10 02:39:06'),
(166, 6, 'Updated', NULL, '2023-11-10 02:39:06', '2023-11-10 02:39:06'),
(167, 7, 'Updated', NULL, '2023-11-10 02:39:06', '2023-11-10 02:39:06'),
(168, 8, 'Updated', NULL, '2023-11-10 02:39:06', '2023-11-10 02:39:06'),
(169, 9, 'Updated', NULL, '2023-11-10 02:39:06', '2023-11-10 02:39:06'),
(170, 10, 'Updated', NULL, '2023-11-10 02:39:06', '2023-11-10 02:39:06'),
(171, 11, 'Updated', NULL, '2023-11-10 02:39:06', '2023-11-10 02:39:06'),
(172, 12, 'Updated', NULL, '2023-11-10 02:39:06', '2023-11-10 02:39:06'),
(173, 13, 'Updated', NULL, '2023-11-10 02:39:06', '2023-11-10 02:39:06'),
(174, 14, 'Updated', NULL, '2023-11-10 02:39:06', '2023-11-10 02:39:06'),
(175, 15, 'Updated', NULL, '2023-11-10 02:39:06', '2023-11-10 02:39:06'),
(176, 16, 'Updated', NULL, '2023-11-10 02:39:06', '2023-11-10 02:39:06'),
(177, 17, 'Updated', NULL, '2023-11-10 02:39:06', '2023-11-10 02:39:06'),
(178, 18, 'Updated', NULL, '2023-11-10 02:39:06', '2023-11-10 02:39:06'),
(179, 19, 'Updated', NULL, '2023-11-10 02:39:06', '2023-11-10 02:39:06'),
(180, 20, 'Created', NULL, '2023-11-10 02:39:07', '2023-11-10 02:39:07'),
(181, 3, 'Updated', NULL, '2023-11-10 02:39:07', '2023-11-10 02:39:07'),
(182, 4, 'Updated', NULL, '2023-11-10 02:39:07', '2023-11-10 02:39:07'),
(183, 5, 'Updated', NULL, '2023-11-10 02:39:07', '2023-11-10 02:39:07'),
(184, 6, 'Updated', NULL, '2023-11-10 02:39:07', '2023-11-10 02:39:07'),
(185, 7, 'Updated', NULL, '2023-11-10 02:39:07', '2023-11-10 02:39:07'),
(186, 9, 'Updated', NULL, '2023-11-10 02:39:07', '2023-11-10 02:39:07'),
(187, 10, 'Updated', NULL, '2023-11-10 02:39:07', '2023-11-10 02:39:07'),
(188, 11, 'Updated', NULL, '2023-11-10 02:39:07', '2023-11-10 02:39:07'),
(189, 12, 'Updated', NULL, '2023-11-10 02:39:07', '2023-11-10 02:39:07'),
(190, 13, 'Updated', NULL, '2023-11-10 02:39:07', '2023-11-10 02:39:07'),
(191, 14, 'Updated', NULL, '2023-11-10 02:39:07', '2023-11-10 02:39:07'),
(192, 15, 'Updated', NULL, '2023-11-10 02:39:07', '2023-11-10 02:39:07'),
(193, 16, 'Updated', NULL, '2023-11-10 02:39:07', '2023-11-10 02:39:07'),
(194, 17, 'Updated', NULL, '2023-11-10 02:39:07', '2023-11-10 02:39:07'),
(195, 18, 'Updated', NULL, '2023-11-10 02:39:07', '2023-11-10 02:39:07'),
(196, 19, 'Updated', NULL, '2023-11-10 02:39:07', '2023-11-10 02:39:07'),
(197, 20, 'Updated', NULL, '2023-11-10 02:39:07', '2023-11-10 02:39:07'),
(198, 21, 'Created', NULL, '2023-11-10 02:39:07', '2023-11-10 02:39:07'),
(199, 2, 'Updated', NULL, '2023-11-10 02:39:07', '2023-11-10 02:39:07'),
(200, 3, 'Updated', NULL, '2023-11-10 02:39:07', '2023-11-10 02:39:07'),
(201, 4, 'Updated', NULL, '2023-11-10 02:39:07', '2023-11-10 02:39:07'),
(202, 5, 'Updated', NULL, '2023-11-10 02:39:07', '2023-11-10 02:39:07'),
(203, 6, 'Updated', NULL, '2023-11-10 02:39:07', '2023-11-10 02:39:07'),
(204, 7, 'Updated', NULL, '2023-11-10 02:39:07', '2023-11-10 02:39:07'),
(205, 8, 'Updated', NULL, '2023-11-10 02:39:07', '2023-11-10 02:39:07'),
(206, 9, 'Updated', NULL, '2023-11-10 02:39:07', '2023-11-10 02:39:07'),
(207, 10, 'Updated', NULL, '2023-11-10 02:39:07', '2023-11-10 02:39:07'),
(208, 11, 'Updated', NULL, '2023-11-10 02:39:07', '2023-11-10 02:39:07'),
(209, 12, 'Updated', NULL, '2023-11-10 02:39:07', '2023-11-10 02:39:07'),
(210, 13, 'Updated', NULL, '2023-11-10 02:39:07', '2023-11-10 02:39:07'),
(211, 14, 'Updated', NULL, '2023-11-10 02:39:07', '2023-11-10 02:39:07'),
(212, 15, 'Updated', NULL, '2023-11-10 02:39:07', '2023-11-10 02:39:07'),
(213, 16, 'Updated', NULL, '2023-11-10 02:39:07', '2023-11-10 02:39:07'),
(214, 17, 'Updated', NULL, '2023-11-10 02:39:07', '2023-11-10 02:39:07'),
(215, 18, 'Updated', NULL, '2023-11-10 02:39:07', '2023-11-10 02:39:07'),
(216, 19, 'Updated', NULL, '2023-11-10 02:39:07', '2023-11-10 02:39:07'),
(217, 20, 'Updated', NULL, '2023-11-10 02:39:07', '2023-11-10 02:39:07'),
(218, 21, 'Updated', NULL, '2023-11-10 02:39:07', '2023-11-10 02:39:07'),
(219, 22, 'Created', NULL, '2023-11-10 02:39:07', '2023-11-10 02:39:07'),
(220, 2, 'Updated', NULL, '2023-11-10 02:39:07', '2023-11-10 02:39:07'),
(221, 3, 'Updated', NULL, '2023-11-10 02:39:07', '2023-11-10 02:39:07'),
(222, 4, 'Updated', NULL, '2023-11-10 02:39:07', '2023-11-10 02:39:07'),
(223, 5, 'Updated', NULL, '2023-11-10 02:39:07', '2023-11-10 02:39:07'),
(224, 6, 'Updated', NULL, '2023-11-10 02:39:07', '2023-11-10 02:39:07'),
(225, 7, 'Updated', NULL, '2023-11-10 02:39:07', '2023-11-10 02:39:07'),
(226, 8, 'Updated', NULL, '2023-11-10 02:39:07', '2023-11-10 02:39:07'),
(227, 9, 'Updated', NULL, '2023-11-10 02:39:07', '2023-11-10 02:39:07'),
(228, 10, 'Updated', NULL, '2023-11-10 02:39:07', '2023-11-10 02:39:07'),
(229, 11, 'Updated', NULL, '2023-11-10 02:39:07', '2023-11-10 02:39:07'),
(230, 12, 'Updated', NULL, '2023-11-10 02:39:07', '2023-11-10 02:39:07'),
(231, 13, 'Updated', NULL, '2023-11-10 02:39:07', '2023-11-10 02:39:07'),
(232, 14, 'Updated', NULL, '2023-11-10 02:39:07', '2023-11-10 02:39:07'),
(233, 15, 'Updated', NULL, '2023-11-10 02:39:07', '2023-11-10 02:39:07'),
(234, 17, 'Updated', NULL, '2023-11-10 02:39:07', '2023-11-10 02:39:07'),
(235, 18, 'Updated', NULL, '2023-11-10 02:39:07', '2023-11-10 02:39:07'),
(236, 19, 'Updated', NULL, '2023-11-10 02:39:07', '2023-11-10 02:39:07'),
(237, 20, 'Updated', NULL, '2023-11-10 02:39:07', '2023-11-10 02:39:07'),
(238, 21, 'Updated', NULL, '2023-11-10 02:39:07', '2023-11-10 02:39:07'),
(239, 22, 'Updated', NULL, '2023-11-10 02:39:07', '2023-11-10 02:39:07'),
(240, 23, 'Created', NULL, '2023-11-10 02:39:07', '2023-11-10 02:39:07'),
(241, 2, 'Updated', NULL, '2023-11-10 02:39:07', '2023-11-10 02:39:07'),
(242, 3, 'Updated', NULL, '2023-11-10 02:39:07', '2023-11-10 02:39:07'),
(243, 4, 'Updated', NULL, '2023-11-10 02:39:07', '2023-11-10 02:39:07'),
(244, 5, 'Updated', NULL, '2023-11-10 02:39:07', '2023-11-10 02:39:07'),
(245, 6, 'Updated', NULL, '2023-11-10 02:39:07', '2023-11-10 02:39:07'),
(246, 7, 'Updated', NULL, '2023-11-10 02:39:07', '2023-11-10 02:39:07'),
(247, 8, 'Updated', NULL, '2023-11-10 02:39:07', '2023-11-10 02:39:07'),
(248, 10, 'Updated', NULL, '2023-11-10 02:39:07', '2023-11-10 02:39:07'),
(249, 11, 'Updated', NULL, '2023-11-10 02:39:07', '2023-11-10 02:39:07'),
(250, 12, 'Updated', NULL, '2023-11-10 02:39:07', '2023-11-10 02:39:07'),
(251, 13, 'Updated', NULL, '2023-11-10 02:39:07', '2023-11-10 02:39:07'),
(252, 14, 'Updated', NULL, '2023-11-10 02:39:07', '2023-11-10 02:39:07'),
(253, 15, 'Updated', NULL, '2023-11-10 02:39:07', '2023-11-10 02:39:07'),
(254, 16, 'Updated', NULL, '2023-11-10 02:39:07', '2023-11-10 02:39:07'),
(255, 17, 'Updated', NULL, '2023-11-10 02:39:07', '2023-11-10 02:39:07'),
(256, 18, 'Updated', NULL, '2023-11-10 02:39:07', '2023-11-10 02:39:07'),
(257, 19, 'Updated', NULL, '2023-11-10 02:39:07', '2023-11-10 02:39:07'),
(258, 21, 'Updated', NULL, '2023-11-10 02:39:07', '2023-11-10 02:39:07'),
(259, 22, 'Updated', NULL, '2023-11-10 02:39:07', '2023-11-10 02:39:07'),
(260, 23, 'Updated', NULL, '2023-11-10 02:39:07', '2023-11-10 02:39:07'),
(261, 24, 'Created', NULL, '2023-11-10 02:39:07', '2023-11-10 02:39:07'),
(262, 2, 'Updated', NULL, '2023-11-10 02:39:07', '2023-11-10 02:39:07'),
(263, 4, 'Updated', NULL, '2023-11-10 02:39:07', '2023-11-10 02:39:07'),
(264, 5, 'Updated', NULL, '2023-11-10 02:39:07', '2023-11-10 02:39:07'),
(265, 6, 'Updated', NULL, '2023-11-10 02:39:07', '2023-11-10 02:39:07'),
(266, 7, 'Updated', NULL, '2023-11-10 02:39:07', '2023-11-10 02:39:07'),
(267, 8, 'Updated', NULL, '2023-11-10 02:39:07', '2023-11-10 02:39:07'),
(268, 9, 'Updated', NULL, '2023-11-10 02:39:07', '2023-11-10 02:39:07'),
(269, 10, 'Updated', NULL, '2023-11-10 02:39:07', '2023-11-10 02:39:07'),
(270, 11, 'Updated', NULL, '2023-11-10 02:39:07', '2023-11-10 02:39:07'),
(271, 12, 'Updated', NULL, '2023-11-10 02:39:07', '2023-11-10 02:39:07'),
(272, 13, 'Updated', NULL, '2023-11-10 02:39:07', '2023-11-10 02:39:07'),
(273, 14, 'Updated', NULL, '2023-11-10 02:39:07', '2023-11-10 02:39:07'),
(274, 15, 'Updated', NULL, '2023-11-10 02:39:07', '2023-11-10 02:39:07'),
(275, 16, 'Updated', NULL, '2023-11-10 02:39:07', '2023-11-10 02:39:07'),
(276, 17, 'Updated', NULL, '2023-11-10 02:39:07', '2023-11-10 02:39:07'),
(277, 18, 'Updated', NULL, '2023-11-10 02:39:07', '2023-11-10 02:39:07'),
(278, 19, 'Updated', NULL, '2023-11-10 02:39:07', '2023-11-10 02:39:07'),
(279, 20, 'Updated', NULL, '2023-11-10 02:39:07', '2023-11-10 02:39:07'),
(280, 21, 'Updated', NULL, '2023-11-10 02:39:07', '2023-11-10 02:39:07'),
(281, 22, 'Updated', NULL, '2023-11-10 02:39:07', '2023-11-10 02:39:07'),
(282, 23, 'Updated', NULL, '2023-11-10 02:39:07', '2023-11-10 02:39:07'),
(283, 24, 'Updated', NULL, '2023-11-10 02:39:07', '2023-11-10 02:39:07'),
(284, 25, 'Created', NULL, '2023-11-10 02:39:07', '2023-11-10 02:39:07'),
(285, 2, 'Updated', NULL, '2023-11-10 02:39:07', '2023-11-10 02:39:07'),
(286, 3, 'Updated', NULL, '2023-11-10 02:39:07', '2023-11-10 02:39:07'),
(287, 4, 'Updated', NULL, '2023-11-10 02:39:07', '2023-11-10 02:39:07'),
(288, 5, 'Updated', NULL, '2023-11-10 02:39:07', '2023-11-10 02:39:07'),
(289, 6, 'Updated', NULL, '2023-11-10 02:39:07', '2023-11-10 02:39:07'),
(290, 7, 'Updated', NULL, '2023-11-10 02:39:07', '2023-11-10 02:39:07'),
(291, 8, 'Updated', NULL, '2023-11-10 02:39:07', '2023-11-10 02:39:07'),
(292, 9, 'Updated', NULL, '2023-11-10 02:39:07', '2023-11-10 02:39:07'),
(293, 10, 'Updated', NULL, '2023-11-10 02:39:07', '2023-11-10 02:39:07'),
(294, 11, 'Updated', NULL, '2023-11-10 02:39:07', '2023-11-10 02:39:07'),
(295, 12, 'Updated', NULL, '2023-11-10 02:39:07', '2023-11-10 02:39:07'),
(296, 13, 'Updated', NULL, '2023-11-10 02:39:07', '2023-11-10 02:39:07'),
(297, 14, 'Updated', NULL, '2023-11-10 02:39:07', '2023-11-10 02:39:07'),
(298, 15, 'Updated', NULL, '2023-11-10 02:39:07', '2023-11-10 02:39:07'),
(299, 16, 'Updated', NULL, '2023-11-10 02:39:07', '2023-11-10 02:39:07'),
(300, 17, 'Updated', NULL, '2023-11-10 02:39:07', '2023-11-10 02:39:07'),
(301, 18, 'Updated', NULL, '2023-11-10 02:39:07', '2023-11-10 02:39:07'),
(302, 19, 'Updated', NULL, '2023-11-10 02:39:07', '2023-11-10 02:39:07'),
(303, 21, 'Updated', NULL, '2023-11-10 02:39:07', '2023-11-10 02:39:07'),
(304, 22, 'Updated', NULL, '2023-11-10 02:39:07', '2023-11-10 02:39:07'),
(305, 23, 'Updated', NULL, '2023-11-10 02:39:07', '2023-11-10 02:39:07'),
(306, 24, 'Updated', NULL, '2023-11-10 02:39:07', '2023-11-10 02:39:07'),
(307, 25, 'Updated', NULL, '2023-11-10 02:39:07', '2023-11-10 02:39:07'),
(308, 26, 'Created', NULL, '2023-11-10 02:39:07', '2023-11-10 02:39:07'),
(309, 2, 'Updated', NULL, '2023-11-10 02:39:07', '2023-11-10 02:39:07'),
(310, 3, 'Updated', NULL, '2023-11-10 02:39:07', '2023-11-10 02:39:07'),
(311, 4, 'Updated', NULL, '2023-11-10 02:39:07', '2023-11-10 02:39:07'),
(312, 5, 'Updated', NULL, '2023-11-10 02:39:07', '2023-11-10 02:39:07'),
(313, 6, 'Updated', NULL, '2023-11-10 02:39:07', '2023-11-10 02:39:07'),
(314, 7, 'Updated', NULL, '2023-11-10 02:39:07', '2023-11-10 02:39:07'),
(315, 8, 'Updated', NULL, '2023-11-10 02:39:07', '2023-11-10 02:39:07'),
(316, 9, 'Updated', NULL, '2023-11-10 02:39:07', '2023-11-10 02:39:07'),
(317, 10, 'Updated', NULL, '2023-11-10 02:39:07', '2023-11-10 02:39:07'),
(318, 11, 'Updated', NULL, '2023-11-10 02:39:07', '2023-11-10 02:39:07'),
(319, 12, 'Updated', NULL, '2023-11-10 02:39:07', '2023-11-10 02:39:07'),
(320, 13, 'Updated', NULL, '2023-11-10 02:39:07', '2023-11-10 02:39:07'),
(321, 14, 'Updated', NULL, '2023-11-10 02:39:07', '2023-11-10 02:39:07'),
(322, 15, 'Updated', NULL, '2023-11-10 02:39:07', '2023-11-10 02:39:07'),
(323, 16, 'Updated', NULL, '2023-11-10 02:39:07', '2023-11-10 02:39:07'),
(324, 17, 'Updated', NULL, '2023-11-10 02:39:07', '2023-11-10 02:39:07'),
(325, 18, 'Updated', NULL, '2023-11-10 02:39:07', '2023-11-10 02:39:07'),
(326, 20, 'Updated', NULL, '2023-11-10 02:39:07', '2023-11-10 02:39:07'),
(327, 21, 'Updated', NULL, '2023-11-10 02:39:07', '2023-11-10 02:39:07'),
(328, 22, 'Updated', NULL, '2023-11-10 02:39:07', '2023-11-10 02:39:07'),
(329, 23, 'Updated', NULL, '2023-11-10 02:39:07', '2023-11-10 02:39:07'),
(330, 24, 'Updated', NULL, '2023-11-10 02:39:08', '2023-11-10 02:39:08'),
(331, 25, 'Updated', NULL, '2023-11-10 02:39:08', '2023-11-10 02:39:08'),
(332, 26, 'Updated', NULL, '2023-11-10 02:39:08', '2023-11-10 02:39:08'),
(333, 27, 'Created', NULL, '2023-11-10 02:39:08', '2023-11-10 02:39:08'),
(334, 2, 'Updated', NULL, '2023-11-10 02:39:08', '2023-11-10 02:39:08'),
(335, 3, 'Updated', NULL, '2023-11-10 02:39:08', '2023-11-10 02:39:08'),
(336, 4, 'Updated', NULL, '2023-11-10 02:39:08', '2023-11-10 02:39:08'),
(337, 5, 'Updated', NULL, '2023-11-10 02:39:08', '2023-11-10 02:39:08'),
(338, 6, 'Updated', NULL, '2023-11-10 02:39:08', '2023-11-10 02:39:08'),
(339, 7, 'Updated', NULL, '2023-11-10 02:39:08', '2023-11-10 02:39:08'),
(340, 8, 'Updated', NULL, '2023-11-10 02:39:08', '2023-11-10 02:39:08'),
(341, 9, 'Updated', NULL, '2023-11-10 02:39:08', '2023-11-10 02:39:08'),
(342, 10, 'Updated', NULL, '2023-11-10 02:39:08', '2023-11-10 02:39:08'),
(343, 11, 'Updated', NULL, '2023-11-10 02:39:08', '2023-11-10 02:39:08'),
(344, 13, 'Updated', NULL, '2023-11-10 02:39:08', '2023-11-10 02:39:08'),
(345, 14, 'Updated', NULL, '2023-11-10 02:39:08', '2023-11-10 02:39:08'),
(346, 15, 'Updated', NULL, '2023-11-10 02:39:08', '2023-11-10 02:39:08'),
(347, 16, 'Updated', NULL, '2023-11-10 02:39:08', '2023-11-10 02:39:08'),
(348, 17, 'Updated', NULL, '2023-11-10 02:39:08', '2023-11-10 02:39:08'),
(349, 18, 'Updated', NULL, '2023-11-10 02:39:08', '2023-11-10 02:39:08'),
(350, 19, 'Updated', NULL, '2023-11-10 02:39:08', '2023-11-10 02:39:08'),
(351, 20, 'Updated', NULL, '2023-11-10 02:39:08', '2023-11-10 02:39:08'),
(352, 21, 'Updated', NULL, '2023-11-10 02:39:08', '2023-11-10 02:39:08'),
(353, 22, 'Updated', NULL, '2023-11-10 02:39:08', '2023-11-10 02:39:08'),
(354, 23, 'Updated', NULL, '2023-11-10 02:39:08', '2023-11-10 02:39:08'),
(355, 24, 'Updated', NULL, '2023-11-10 02:39:08', '2023-11-10 02:39:08'),
(356, 25, 'Updated', NULL, '2023-11-10 02:39:08', '2023-11-10 02:39:08'),
(357, 26, 'Updated', NULL, '2023-11-10 02:39:08', '2023-11-10 02:39:08'),
(358, 27, 'Updated', NULL, '2023-11-10 02:39:08', '2023-11-10 02:39:08'),
(359, 28, 'Created', NULL, '2023-11-10 02:39:08', '2023-11-10 02:39:08'),
(360, 2, 'Updated', NULL, '2023-11-10 02:39:08', '2023-11-10 02:39:08'),
(361, 3, 'Updated', NULL, '2023-11-10 02:39:08', '2023-11-10 02:39:08'),
(362, 4, 'Updated', NULL, '2023-11-10 02:39:08', '2023-11-10 02:39:08'),
(363, 5, 'Updated', NULL, '2023-11-10 02:39:08', '2023-11-10 02:39:08'),
(364, 6, 'Updated', NULL, '2023-11-10 02:39:08', '2023-11-10 02:39:08'),
(365, 7, 'Updated', NULL, '2023-11-10 02:39:08', '2023-11-10 02:39:08'),
(366, 8, 'Updated', NULL, '2023-11-10 02:39:08', '2023-11-10 02:39:08'),
(367, 10, 'Updated', NULL, '2023-11-10 02:39:08', '2023-11-10 02:39:08'),
(368, 11, 'Updated', NULL, '2023-11-10 02:39:08', '2023-11-10 02:39:08'),
(369, 12, 'Updated', NULL, '2023-11-10 02:39:08', '2023-11-10 02:39:08'),
(370, 13, 'Updated', NULL, '2023-11-10 02:39:08', '2023-11-10 02:39:08'),
(371, 14, 'Updated', NULL, '2023-11-10 02:39:08', '2023-11-10 02:39:08'),
(372, 15, 'Updated', NULL, '2023-11-10 02:39:08', '2023-11-10 02:39:08'),
(373, 16, 'Updated', NULL, '2023-11-10 02:39:08', '2023-11-10 02:39:08'),
(374, 17, 'Updated', NULL, '2023-11-10 02:39:08', '2023-11-10 02:39:08'),
(375, 18, 'Updated', NULL, '2023-11-10 02:39:08', '2023-11-10 02:39:08'),
(376, 19, 'Updated', NULL, '2023-11-10 02:39:08', '2023-11-10 02:39:08'),
(377, 21, 'Updated', NULL, '2023-11-10 02:39:08', '2023-11-10 02:39:08'),
(378, 22, 'Updated', NULL, '2023-11-10 02:39:08', '2023-11-10 02:39:08'),
(379, 23, 'Updated', NULL, '2023-11-10 02:39:08', '2023-11-10 02:39:08'),
(380, 24, 'Updated', NULL, '2023-11-10 02:39:08', '2023-11-10 02:39:08'),
(381, 25, 'Updated', NULL, '2023-11-10 02:39:08', '2023-11-10 02:39:08'),
(382, 26, 'Updated', NULL, '2023-11-10 02:39:08', '2023-11-10 02:39:08'),
(383, 27, 'Updated', NULL, '2023-11-10 02:39:08', '2023-11-10 02:39:08'),
(384, 28, 'Updated', NULL, '2023-11-10 02:39:08', '2023-11-10 02:39:08'),
(385, 29, 'Created', NULL, '2023-11-10 02:39:08', '2023-11-10 02:39:08'),
(386, 2, 'Updated', NULL, '2023-11-10 02:39:08', '2023-11-10 02:39:08'),
(387, 3, 'Updated', NULL, '2023-11-10 02:39:08', '2023-11-10 02:39:08'),
(388, 4, 'Updated', NULL, '2023-11-10 02:39:08', '2023-11-10 02:39:08'),
(389, 5, 'Updated', NULL, '2023-11-10 02:39:08', '2023-11-10 02:39:08'),
(390, 6, 'Updated', NULL, '2023-11-10 02:39:08', '2023-11-10 02:39:08'),
(391, 8, 'Updated', NULL, '2023-11-10 02:39:08', '2023-11-10 02:39:08'),
(392, 9, 'Updated', NULL, '2023-11-10 02:39:08', '2023-11-10 02:39:08'),
(393, 10, 'Updated', NULL, '2023-11-10 02:39:08', '2023-11-10 02:39:08'),
(394, 11, 'Updated', NULL, '2023-11-10 02:39:08', '2023-11-10 02:39:08'),
(395, 12, 'Updated', NULL, '2023-11-10 02:39:08', '2023-11-10 02:39:08'),
(396, 13, 'Updated', NULL, '2023-11-10 02:39:08', '2023-11-10 02:39:08'),
(397, 14, 'Updated', NULL, '2023-11-10 02:39:08', '2023-11-10 02:39:08'),
(398, 15, 'Updated', NULL, '2023-11-10 02:39:08', '2023-11-10 02:39:08'),
(399, 16, 'Updated', NULL, '2023-11-10 02:39:08', '2023-11-10 02:39:08'),
(400, 17, 'Updated', NULL, '2023-11-10 02:39:08', '2023-11-10 02:39:08'),
(401, 18, 'Updated', NULL, '2023-11-10 02:39:08', '2023-11-10 02:39:08'),
(402, 19, 'Updated', NULL, '2023-11-10 02:39:08', '2023-11-10 02:39:08'),
(403, 20, 'Updated', NULL, '2023-11-10 02:39:08', '2023-11-10 02:39:08'),
(404, 21, 'Updated', NULL, '2023-11-10 02:39:08', '2023-11-10 02:39:08'),
(405, 22, 'Updated', NULL, '2023-11-10 02:39:08', '2023-11-10 02:39:08'),
(406, 23, 'Updated', NULL, '2023-11-10 02:39:08', '2023-11-10 02:39:08'),
(407, 24, 'Updated', NULL, '2023-11-10 02:39:08', '2023-11-10 02:39:08'),
(408, 25, 'Updated', NULL, '2023-11-10 02:39:08', '2023-11-10 02:39:08'),
(409, 26, 'Updated', NULL, '2023-11-10 02:39:08', '2023-11-10 02:39:08'),
(410, 27, 'Updated', NULL, '2023-11-10 02:39:08', '2023-11-10 02:39:08'),
(411, 28, 'Updated', NULL, '2023-11-10 02:39:08', '2023-11-10 02:39:08'),
(412, 29, 'Updated', NULL, '2023-11-10 02:39:08', '2023-11-10 02:39:08'),
(413, 30, 'Created', NULL, '2023-11-10 02:39:08', '2023-11-10 02:39:08'),
(414, 2, 'Updated', NULL, '2023-11-10 02:39:08', '2023-11-10 02:39:08'),
(415, 3, 'Updated', NULL, '2023-11-10 02:39:08', '2023-11-10 02:39:08'),
(416, 4, 'Updated', NULL, '2023-11-10 02:39:08', '2023-11-10 02:39:08'),
(417, 5, 'Updated', NULL, '2023-11-10 02:39:08', '2023-11-10 02:39:08'),
(418, 6, 'Updated', NULL, '2023-11-10 02:39:08', '2023-11-10 02:39:08'),
(419, 7, 'Updated', NULL, '2023-11-10 02:39:08', '2023-11-10 02:39:08'),
(420, 8, 'Updated', NULL, '2023-11-10 02:39:08', '2023-11-10 02:39:08'),
(421, 9, 'Updated', NULL, '2023-11-10 02:39:08', '2023-11-10 02:39:08'),
(422, 10, 'Updated', NULL, '2023-11-10 02:39:08', '2023-11-10 02:39:08'),
(423, 11, 'Updated', NULL, '2023-11-10 02:39:08', '2023-11-10 02:39:08'),
(424, 12, 'Updated', NULL, '2023-11-10 02:39:08', '2023-11-10 02:39:08'),
(425, 13, 'Updated', NULL, '2023-11-10 02:39:08', '2023-11-10 02:39:08'),
(426, 14, 'Updated', NULL, '2023-11-10 02:39:08', '2023-11-10 02:39:08'),
(427, 15, 'Updated', NULL, '2023-11-10 02:39:08', '2023-11-10 02:39:08'),
(428, 16, 'Updated', NULL, '2023-11-10 02:39:08', '2023-11-10 02:39:08'),
(429, 17, 'Updated', NULL, '2023-11-10 02:39:08', '2023-11-10 02:39:08'),
(430, 18, 'Updated', NULL, '2023-11-10 02:39:08', '2023-11-10 02:39:08'),
(431, 19, 'Updated', NULL, '2023-11-10 02:39:08', '2023-11-10 02:39:08'),
(432, 20, 'Updated', NULL, '2023-11-10 02:39:08', '2023-11-10 02:39:08'),
(433, 21, 'Updated', NULL, '2023-11-10 02:39:08', '2023-11-10 02:39:08'),
(434, 22, 'Updated', NULL, '2023-11-10 02:39:08', '2023-11-10 02:39:08'),
(435, 23, 'Updated', NULL, '2023-11-10 02:39:08', '2023-11-10 02:39:08'),
(436, 24, 'Updated', NULL, '2023-11-10 02:39:08', '2023-11-10 02:39:08'),
(437, 25, 'Updated', NULL, '2023-11-10 02:39:08', '2023-11-10 02:39:08'),
(438, 26, 'Updated', NULL, '2023-11-10 02:39:08', '2023-11-10 02:39:08'),
(439, 27, 'Updated', NULL, '2023-11-10 02:39:08', '2023-11-10 02:39:08'),
(440, 28, 'Updated', NULL, '2023-11-10 02:39:08', '2023-11-10 02:39:08'),
(441, 29, 'Updated', NULL, '2023-11-10 02:39:08', '2023-11-10 02:39:08'),
(442, 30, 'Updated', NULL, '2023-11-10 02:39:08', '2023-11-10 02:39:08'),
(443, 31, 'Created', NULL, '2023-11-10 02:39:08', '2023-11-10 02:39:08'),
(444, 2, 'Updated', NULL, '2023-11-10 02:39:08', '2023-11-10 02:39:08'),
(445, 3, 'Updated', NULL, '2023-11-10 02:39:08', '2023-11-10 02:39:08'),
(446, 4, 'Updated', NULL, '2023-11-10 02:39:08', '2023-11-10 02:39:08'),
(447, 5, 'Updated', NULL, '2023-11-10 02:39:08', '2023-11-10 02:39:08'),
(448, 6, 'Updated', NULL, '2023-11-10 02:39:08', '2023-11-10 02:39:08'),
(449, 7, 'Updated', NULL, '2023-11-10 02:39:08', '2023-11-10 02:39:08'),
(450, 8, 'Updated', NULL, '2023-11-10 02:39:08', '2023-11-10 02:39:08'),
(451, 9, 'Updated', NULL, '2023-11-10 02:39:08', '2023-11-10 02:39:08'),
(452, 10, 'Updated', NULL, '2023-11-10 02:39:09', '2023-11-10 02:39:09'),
(453, 11, 'Updated', NULL, '2023-11-10 02:39:09', '2023-11-10 02:39:09'),
(454, 12, 'Updated', NULL, '2023-11-10 02:39:09', '2023-11-10 02:39:09'),
(455, 13, 'Updated', NULL, '2023-11-10 02:39:09', '2023-11-10 02:39:09'),
(456, 14, 'Updated', NULL, '2023-11-10 02:39:09', '2023-11-10 02:39:09'),
(457, 15, 'Updated', NULL, '2023-11-10 02:39:09', '2023-11-10 02:39:09'),
(458, 16, 'Updated', NULL, '2023-11-10 02:39:09', '2023-11-10 02:39:09'),
(459, 17, 'Updated', NULL, '2023-11-10 02:39:09', '2023-11-10 02:39:09'),
(460, 18, 'Updated', NULL, '2023-11-10 02:39:09', '2023-11-10 02:39:09'),
(461, 19, 'Updated', NULL, '2023-11-10 02:39:09', '2023-11-10 02:39:09'),
(462, 20, 'Updated', NULL, '2023-11-10 02:39:09', '2023-11-10 02:39:09'),
(463, 21, 'Updated', NULL, '2023-11-10 02:39:09', '2023-11-10 02:39:09'),
(464, 22, 'Updated', NULL, '2023-11-10 02:39:09', '2023-11-10 02:39:09'),
(465, 23, 'Updated', NULL, '2023-11-10 02:39:09', '2023-11-10 02:39:09'),
(466, 24, 'Updated', NULL, '2023-11-10 02:39:09', '2023-11-10 02:39:09'),
(467, 25, 'Updated', NULL, '2023-11-10 02:39:09', '2023-11-10 02:39:09'),
(468, 26, 'Updated', NULL, '2023-11-10 02:39:09', '2023-11-10 02:39:09'),
(469, 27, 'Updated', NULL, '2023-11-10 02:39:09', '2023-11-10 02:39:09'),
(470, 28, 'Updated', NULL, '2023-11-10 02:39:09', '2023-11-10 02:39:09'),
(471, 29, 'Updated', NULL, '2023-11-10 02:39:09', '2023-11-10 02:39:09'),
(472, 30, 'Updated', NULL, '2023-11-10 02:39:09', '2023-11-10 02:39:09'),
(473, 31, 'Updated', NULL, '2023-11-10 02:39:09', '2023-11-10 02:39:09'),
(474, 32, 'Created', NULL, '2023-11-10 02:39:09', '2023-11-10 02:39:09'),
(475, 2, 'Updated', NULL, '2023-11-10 02:39:09', '2023-11-10 02:39:09'),
(476, 3, 'Updated', NULL, '2023-11-10 02:39:09', '2023-11-10 02:39:09'),
(477, 4, 'Updated', NULL, '2023-11-10 02:39:09', '2023-11-10 02:39:09'),
(478, 5, 'Updated', NULL, '2023-11-10 02:39:09', '2023-11-10 02:39:09'),
(479, 6, 'Updated', NULL, '2023-11-10 02:39:09', '2023-11-10 02:39:09'),
(480, 8, 'Updated', NULL, '2023-11-10 02:39:09', '2023-11-10 02:39:09'),
(481, 9, 'Updated', NULL, '2023-11-10 02:39:09', '2023-11-10 02:39:09'),
(482, 10, 'Updated', NULL, '2023-11-10 02:39:09', '2023-11-10 02:39:09'),
(483, 11, 'Updated', NULL, '2023-11-10 02:39:09', '2023-11-10 02:39:09'),
(484, 12, 'Updated', NULL, '2023-11-10 02:39:09', '2023-11-10 02:39:09'),
(485, 13, 'Updated', NULL, '2023-11-10 02:39:09', '2023-11-10 02:39:09'),
(486, 14, 'Updated', NULL, '2023-11-10 02:39:09', '2023-11-10 02:39:09'),
(487, 15, 'Updated', NULL, '2023-11-10 02:39:09', '2023-11-10 02:39:09'),
(488, 16, 'Updated', NULL, '2023-11-10 02:39:09', '2023-11-10 02:39:09'),
(489, 17, 'Updated', NULL, '2023-11-10 02:39:09', '2023-11-10 02:39:09'),
(490, 18, 'Updated', NULL, '2023-11-10 02:39:09', '2023-11-10 02:39:09'),
(491, 19, 'Updated', NULL, '2023-11-10 02:39:09', '2023-11-10 02:39:09'),
(492, 20, 'Updated', NULL, '2023-11-10 02:39:09', '2023-11-10 02:39:09'),
(493, 21, 'Updated', NULL, '2023-11-10 02:39:09', '2023-11-10 02:39:09'),
(494, 22, 'Updated', NULL, '2023-11-10 02:39:09', '2023-11-10 02:39:09'),
(495, 23, 'Updated', NULL, '2023-11-10 02:39:09', '2023-11-10 02:39:09'),
(496, 24, 'Updated', NULL, '2023-11-10 02:39:09', '2023-11-10 02:39:09'),
(497, 25, 'Updated', NULL, '2023-11-10 02:39:09', '2023-11-10 02:39:09'),
(498, 26, 'Updated', NULL, '2023-11-10 02:39:09', '2023-11-10 02:39:09'),
(499, 27, 'Updated', NULL, '2023-11-10 02:39:09', '2023-11-10 02:39:09'),
(500, 28, 'Updated', NULL, '2023-11-10 02:39:09', '2023-11-10 02:39:09'),
(501, 29, 'Updated', NULL, '2023-11-10 02:39:09', '2023-11-10 02:39:09'),
(502, 30, 'Updated', NULL, '2023-11-10 02:39:09', '2023-11-10 02:39:09'),
(503, 31, 'Updated', NULL, '2023-11-10 02:39:09', '2023-11-10 02:39:09'),
(504, 32, 'Updated', NULL, '2023-11-10 02:39:09', '2023-11-10 02:39:09'),
(505, 33, 'Created', NULL, '2023-11-10 02:39:09', '2023-11-10 02:39:09'),
(506, 2, 'Updated', NULL, '2023-11-10 02:39:09', '2023-11-10 02:39:09'),
(507, 3, 'Updated', NULL, '2023-11-10 02:39:09', '2023-11-10 02:39:09'),
(508, 4, 'Updated', NULL, '2023-11-10 02:39:09', '2023-11-10 02:39:09'),
(509, 5, 'Updated', NULL, '2023-11-10 02:39:09', '2023-11-10 02:39:09'),
(510, 6, 'Updated', NULL, '2023-11-10 02:39:09', '2023-11-10 02:39:09'),
(511, 7, 'Updated', NULL, '2023-11-10 02:39:09', '2023-11-10 02:39:09'),
(512, 8, 'Updated', NULL, '2023-11-10 02:39:09', '2023-11-10 02:39:09'),
(513, 9, 'Updated', NULL, '2023-11-10 02:39:09', '2023-11-10 02:39:09'),
(514, 10, 'Updated', NULL, '2023-11-10 02:39:09', '2023-11-10 02:39:09'),
(515, 11, 'Updated', NULL, '2023-11-10 02:39:09', '2023-11-10 02:39:09'),
(516, 12, 'Updated', NULL, '2023-11-10 02:39:09', '2023-11-10 02:39:09'),
(517, 13, 'Updated', NULL, '2023-11-10 02:39:09', '2023-11-10 02:39:09'),
(518, 14, 'Updated', NULL, '2023-11-10 02:39:09', '2023-11-10 02:39:09'),
(519, 15, 'Updated', NULL, '2023-11-10 02:39:09', '2023-11-10 02:39:09'),
(520, 16, 'Updated', NULL, '2023-11-10 02:39:09', '2023-11-10 02:39:09'),
(521, 17, 'Updated', NULL, '2023-11-10 02:39:09', '2023-11-10 02:39:09'),
(522, 18, 'Updated', NULL, '2023-11-10 02:39:09', '2023-11-10 02:39:09'),
(523, 19, 'Updated', NULL, '2023-11-10 02:39:09', '2023-11-10 02:39:09'),
(524, 20, 'Updated', NULL, '2023-11-10 02:39:09', '2023-11-10 02:39:09'),
(525, 21, 'Updated', NULL, '2023-11-10 02:39:09', '2023-11-10 02:39:09'),
(526, 22, 'Updated', NULL, '2023-11-10 02:39:09', '2023-11-10 02:39:09'),
(527, 23, 'Updated', NULL, '2023-11-10 02:39:09', '2023-11-10 02:39:09'),
(528, 24, 'Updated', NULL, '2023-11-10 02:39:09', '2023-11-10 02:39:09'),
(529, 25, 'Updated', NULL, '2023-11-10 02:39:09', '2023-11-10 02:39:09'),
(530, 26, 'Updated', NULL, '2023-11-10 02:39:09', '2023-11-10 02:39:09'),
(531, 27, 'Updated', NULL, '2023-11-10 02:39:09', '2023-11-10 02:39:09'),
(532, 28, 'Updated', NULL, '2023-11-10 02:39:09', '2023-11-10 02:39:09'),
(533, 29, 'Updated', NULL, '2023-11-10 02:39:09', '2023-11-10 02:39:09'),
(534, 30, 'Updated', NULL, '2023-11-10 02:39:09', '2023-11-10 02:39:09'),
(535, 31, 'Updated', NULL, '2023-11-10 02:39:09', '2023-11-10 02:39:09'),
(536, 32, 'Updated', NULL, '2023-11-10 02:39:09', '2023-11-10 02:39:09'),
(537, 33, 'Updated', NULL, '2023-11-10 02:39:09', '2023-11-10 02:39:09'),
(538, 34, 'Created', NULL, '2023-11-10 02:39:09', '2023-11-10 02:39:09'),
(539, 2, 'Updated', NULL, '2023-11-10 02:39:09', '2023-11-10 02:39:09'),
(540, 3, 'Updated', NULL, '2023-11-10 02:39:09', '2023-11-10 02:39:09'),
(541, 4, 'Updated', NULL, '2023-11-10 02:39:09', '2023-11-10 02:39:09'),
(542, 5, 'Updated', NULL, '2023-11-10 02:39:09', '2023-11-10 02:39:09'),
(543, 6, 'Updated', NULL, '2023-11-10 02:39:09', '2023-11-10 02:39:09'),
(544, 7, 'Updated', NULL, '2023-11-10 02:39:09', '2023-11-10 02:39:09'),
(545, 8, 'Updated', NULL, '2023-11-10 02:39:09', '2023-11-10 02:39:09'),
(546, 9, 'Updated', NULL, '2023-11-10 02:39:09', '2023-11-10 02:39:09'),
(547, 10, 'Updated', NULL, '2023-11-10 02:39:09', '2023-11-10 02:39:09'),
(548, 11, 'Updated', NULL, '2023-11-10 02:39:09', '2023-11-10 02:39:09'),
(549, 12, 'Updated', NULL, '2023-11-10 02:39:09', '2023-11-10 02:39:09'),
(550, 13, 'Updated', NULL, '2023-11-10 02:39:09', '2023-11-10 02:39:09'),
(551, 15, 'Updated', NULL, '2023-11-10 02:39:09', '2023-11-10 02:39:09'),
(552, 16, 'Updated', NULL, '2023-11-10 02:39:09', '2023-11-10 02:39:09'),
(553, 17, 'Updated', NULL, '2023-11-10 02:39:09', '2023-11-10 02:39:09'),
(554, 18, 'Updated', NULL, '2023-11-10 02:39:09', '2023-11-10 02:39:09'),
(555, 19, 'Updated', NULL, '2023-11-10 02:39:09', '2023-11-10 02:39:09'),
(556, 20, 'Updated', NULL, '2023-11-10 02:39:09', '2023-11-10 02:39:09'),
(557, 21, 'Updated', NULL, '2023-11-10 02:39:09', '2023-11-10 02:39:09'),
(558, 22, 'Updated', NULL, '2023-11-10 02:39:09', '2023-11-10 02:39:09'),
(559, 23, 'Updated', NULL, '2023-11-10 02:39:09', '2023-11-10 02:39:09'),
(560, 24, 'Updated', NULL, '2023-11-10 02:39:09', '2023-11-10 02:39:09'),
(561, 25, 'Updated', NULL, '2023-11-10 02:39:09', '2023-11-10 02:39:09'),
(562, 26, 'Updated', NULL, '2023-11-10 02:39:09', '2023-11-10 02:39:09'),
(563, 27, 'Updated', NULL, '2023-11-10 02:39:09', '2023-11-10 02:39:09'),
(564, 28, 'Updated', NULL, '2023-11-10 02:39:09', '2023-11-10 02:39:09'),
(565, 29, 'Updated', NULL, '2023-11-10 02:39:09', '2023-11-10 02:39:09'),
(566, 30, 'Updated', NULL, '2023-11-10 02:39:09', '2023-11-10 02:39:09'),
(567, 31, 'Updated', NULL, '2023-11-10 02:39:09', '2023-11-10 02:39:09'),
(568, 32, 'Updated', NULL, '2023-11-10 02:39:09', '2023-11-10 02:39:09'),
(569, 33, 'Updated', NULL, '2023-11-10 02:39:09', '2023-11-10 02:39:09'),
(570, 34, 'Updated', NULL, '2023-11-10 02:39:09', '2023-11-10 02:39:09'),
(571, 35, 'Created', NULL, '2023-11-10 02:39:09', '2023-11-10 02:39:09'),
(572, 2, 'Updated', NULL, '2023-11-10 02:39:09', '2023-11-10 02:39:09'),
(573, 3, 'Updated', NULL, '2023-11-10 02:39:09', '2023-11-10 02:39:09'),
(574, 4, 'Updated', NULL, '2023-11-10 02:39:09', '2023-11-10 02:39:09'),
(575, 5, 'Updated', NULL, '2023-11-10 02:39:09', '2023-11-10 02:39:09'),
(576, 6, 'Updated', NULL, '2023-11-10 02:39:09', '2023-11-10 02:39:09'),
(577, 8, 'Updated', NULL, '2023-11-10 02:39:09', '2023-11-10 02:39:09'),
(578, 9, 'Updated', NULL, '2023-11-10 02:39:09', '2023-11-10 02:39:09'),
(579, 10, 'Updated', NULL, '2023-11-10 02:39:09', '2023-11-10 02:39:09'),
(580, 11, 'Updated', NULL, '2023-11-10 02:39:09', '2023-11-10 02:39:09'),
(581, 12, 'Updated', NULL, '2023-11-10 02:39:09', '2023-11-10 02:39:09'),
(582, 13, 'Updated', NULL, '2023-11-10 02:39:09', '2023-11-10 02:39:09'),
(583, 14, 'Updated', NULL, '2023-11-10 02:39:09', '2023-11-10 02:39:09'),
(584, 15, 'Updated', NULL, '2023-11-10 02:39:09', '2023-11-10 02:39:09'),
(585, 16, 'Updated', NULL, '2023-11-10 02:39:09', '2023-11-10 02:39:09'),
(586, 17, 'Updated', NULL, '2023-11-10 02:39:09', '2023-11-10 02:39:09'),
(587, 18, 'Updated', NULL, '2023-11-10 02:39:10', '2023-11-10 02:39:10'),
(588, 19, 'Updated', NULL, '2023-11-10 02:39:10', '2023-11-10 02:39:10'),
(589, 20, 'Updated', NULL, '2023-11-10 02:39:10', '2023-11-10 02:39:10'),
(590, 21, 'Updated', NULL, '2023-11-10 02:39:10', '2023-11-10 02:39:10'),
(591, 22, 'Updated', NULL, '2023-11-10 02:39:10', '2023-11-10 02:39:10'),
(592, 24, 'Updated', NULL, '2023-11-10 02:39:10', '2023-11-10 02:39:10'),
(593, 25, 'Updated', NULL, '2023-11-10 02:39:10', '2023-11-10 02:39:10'),
(594, 26, 'Updated', NULL, '2023-11-10 02:39:10', '2023-11-10 02:39:10'),
(595, 27, 'Updated', NULL, '2023-11-10 02:39:10', '2023-11-10 02:39:10'),
(596, 28, 'Updated', NULL, '2023-11-10 02:39:10', '2023-11-10 02:39:10'),
(597, 29, 'Updated', NULL, '2023-11-10 02:39:10', '2023-11-10 02:39:10'),
(598, 31, 'Updated', NULL, '2023-11-10 02:39:10', '2023-11-10 02:39:10'),
(599, 32, 'Updated', NULL, '2023-11-10 02:39:10', '2023-11-10 02:39:10'),
(600, 33, 'Updated', NULL, '2023-11-10 02:39:10', '2023-11-10 02:39:10'),
(601, 34, 'Updated', NULL, '2023-11-10 02:39:10', '2023-11-10 02:39:10'),
(602, 35, 'Updated', NULL, '2023-11-10 02:39:10', '2023-11-10 02:39:10'),
(603, 36, 'Created', NULL, '2023-11-10 02:39:10', '2023-11-10 02:39:10'),
(604, 2, 'Updated', NULL, '2023-11-10 02:39:10', '2023-11-10 02:39:10'),
(605, 3, 'Updated', NULL, '2023-11-10 02:39:10', '2023-11-10 02:39:10'),
(606, 4, 'Updated', NULL, '2023-11-10 02:39:10', '2023-11-10 02:39:10'),
(607, 5, 'Updated', NULL, '2023-11-10 02:39:10', '2023-11-10 02:39:10'),
(608, 6, 'Updated', NULL, '2023-11-10 02:39:10', '2023-11-10 02:39:10'),
(609, 7, 'Updated', NULL, '2023-11-10 02:39:10', '2023-11-10 02:39:10'),
(610, 8, 'Updated', NULL, '2023-11-10 02:39:10', '2023-11-10 02:39:10'),
(611, 9, 'Updated', NULL, '2023-11-10 02:39:10', '2023-11-10 02:39:10'),
(612, 10, 'Updated', NULL, '2023-11-10 02:39:10', '2023-11-10 02:39:10'),
(613, 11, 'Updated', NULL, '2023-11-10 02:39:10', '2023-11-10 02:39:10'),
(614, 12, 'Updated', NULL, '2023-11-10 02:39:10', '2023-11-10 02:39:10'),
(615, 13, 'Updated', NULL, '2023-11-10 02:39:10', '2023-11-10 02:39:10'),
(616, 14, 'Updated', NULL, '2023-11-10 02:39:10', '2023-11-10 02:39:10'),
(617, 15, 'Updated', NULL, '2023-11-10 02:39:10', '2023-11-10 02:39:10'),
(618, 16, 'Updated', NULL, '2023-11-10 02:39:10', '2023-11-10 02:39:10'),
(619, 17, 'Updated', NULL, '2023-11-10 02:39:10', '2023-11-10 02:39:10'),
(620, 18, 'Updated', NULL, '2023-11-10 02:39:10', '2023-11-10 02:39:10'),
(621, 19, 'Updated', NULL, '2023-11-10 02:39:10', '2023-11-10 02:39:10'),
(622, 20, 'Updated', NULL, '2023-11-10 02:39:10', '2023-11-10 02:39:10'),
(623, 21, 'Updated', NULL, '2023-11-10 02:39:10', '2023-11-10 02:39:10'),
(624, 22, 'Updated', NULL, '2023-11-10 02:39:10', '2023-11-10 02:39:10'),
(625, 24, 'Updated', NULL, '2023-11-10 02:39:10', '2023-11-10 02:39:10'),
(626, 25, 'Updated', NULL, '2023-11-10 02:39:10', '2023-11-10 02:39:10'),
(627, 26, 'Updated', NULL, '2023-11-10 02:39:10', '2023-11-10 02:39:10'),
(628, 27, 'Updated', NULL, '2023-11-10 02:39:10', '2023-11-10 02:39:10'),
(629, 28, 'Updated', NULL, '2023-11-10 02:39:10', '2023-11-10 02:39:10'),
(630, 29, 'Updated', NULL, '2023-11-10 02:39:10', '2023-11-10 02:39:10'),
(631, 30, 'Updated', NULL, '2023-11-10 02:39:10', '2023-11-10 02:39:10'),
(632, 31, 'Updated', NULL, '2023-11-10 02:39:10', '2023-11-10 02:39:10'),
(633, 32, 'Updated', NULL, '2023-11-10 02:39:10', '2023-11-10 02:39:10'),
(634, 33, 'Updated', NULL, '2023-11-10 02:39:10', '2023-11-10 02:39:10'),
(635, 34, 'Updated', NULL, '2023-11-10 02:39:10', '2023-11-10 02:39:10'),
(636, 35, 'Updated', NULL, '2023-11-10 02:39:10', '2023-11-10 02:39:10'),
(637, 36, 'Updated', NULL, '2023-11-10 02:39:10', '2023-11-10 02:39:10'),
(638, 37, 'Created', NULL, '2023-11-10 02:39:10', '2023-11-10 02:39:10'),
(639, 2, 'Updated', NULL, '2023-11-10 02:39:10', '2023-11-10 02:39:10'),
(640, 3, 'Updated', NULL, '2023-11-10 02:39:10', '2023-11-10 02:39:10'),
(641, 4, 'Updated', NULL, '2023-11-10 02:39:10', '2023-11-10 02:39:10'),
(642, 5, 'Updated', NULL, '2023-11-10 02:39:10', '2023-11-10 02:39:10'),
(643, 6, 'Updated', NULL, '2023-11-10 02:39:10', '2023-11-10 02:39:10'),
(644, 7, 'Updated', NULL, '2023-11-10 02:39:10', '2023-11-10 02:39:10'),
(645, 8, 'Updated', NULL, '2023-11-10 02:39:10', '2023-11-10 02:39:10'),
(646, 10, 'Updated', NULL, '2023-11-10 02:39:10', '2023-11-10 02:39:10'),
(647, 11, 'Updated', NULL, '2023-11-10 02:39:10', '2023-11-10 02:39:10'),
(648, 12, 'Updated', NULL, '2023-11-10 02:39:10', '2023-11-10 02:39:10'),
(649, 13, 'Updated', NULL, '2023-11-10 02:39:10', '2023-11-10 02:39:10'),
(650, 14, 'Updated', NULL, '2023-11-10 02:39:10', '2023-11-10 02:39:10'),
(651, 15, 'Updated', NULL, '2023-11-10 02:39:10', '2023-11-10 02:39:10'),
(652, 16, 'Updated', NULL, '2023-11-10 02:39:10', '2023-11-10 02:39:10'),
(653, 17, 'Updated', NULL, '2023-11-10 02:39:10', '2023-11-10 02:39:10'),
(654, 18, 'Updated', NULL, '2023-11-10 02:39:10', '2023-11-10 02:39:10'),
(655, 19, 'Updated', NULL, '2023-11-10 02:39:10', '2023-11-10 02:39:10'),
(656, 20, 'Updated', NULL, '2023-11-10 02:39:10', '2023-11-10 02:39:10'),
(657, 21, 'Updated', NULL, '2023-11-10 02:39:10', '2023-11-10 02:39:10'),
(658, 22, 'Updated', NULL, '2023-11-10 02:39:10', '2023-11-10 02:39:10'),
(659, 23, 'Updated', NULL, '2023-11-10 02:39:10', '2023-11-10 02:39:10'),
(660, 24, 'Updated', NULL, '2023-11-10 02:39:10', '2023-11-10 02:39:10'),
(661, 25, 'Updated', NULL, '2023-11-10 02:39:10', '2023-11-10 02:39:10'),
(662, 26, 'Updated', NULL, '2023-11-10 02:39:10', '2023-11-10 02:39:10'),
(663, 27, 'Updated', NULL, '2023-11-10 02:39:10', '2023-11-10 02:39:10'),
(664, 28, 'Updated', NULL, '2023-11-10 02:39:10', '2023-11-10 02:39:10'),
(665, 29, 'Updated', NULL, '2023-11-10 02:39:10', '2023-11-10 02:39:10'),
(666, 30, 'Updated', NULL, '2023-11-10 02:39:10', '2023-11-10 02:39:10'),
(667, 31, 'Updated', NULL, '2023-11-10 02:39:10', '2023-11-10 02:39:10'),
(668, 32, 'Updated', NULL, '2023-11-10 02:39:10', '2023-11-10 02:39:10'),
(669, 33, 'Updated', NULL, '2023-11-10 02:39:10', '2023-11-10 02:39:10'),
(670, 34, 'Updated', NULL, '2023-11-10 02:39:10', '2023-11-10 02:39:10'),
(671, 35, 'Updated', NULL, '2023-11-10 02:39:10', '2023-11-10 02:39:10'),
(672, 36, 'Updated', NULL, '2023-11-10 02:39:10', '2023-11-10 02:39:10'),
(673, 37, 'Updated', NULL, '2023-11-10 02:39:10', '2023-11-10 02:39:10'),
(674, 38, 'Created', NULL, '2023-11-10 02:39:10', '2023-11-10 02:39:10'),
(675, 2, 'Updated', NULL, '2023-11-10 02:39:10', '2023-11-10 02:39:10'),
(676, 3, 'Updated', NULL, '2023-11-10 02:39:10', '2023-11-10 02:39:10'),
(677, 4, 'Updated', NULL, '2023-11-10 02:39:10', '2023-11-10 02:39:10'),
(678, 5, 'Updated', NULL, '2023-11-10 02:39:10', '2023-11-10 02:39:10'),
(679, 6, 'Updated', NULL, '2023-11-10 02:39:10', '2023-11-10 02:39:10'),
(680, 7, 'Updated', NULL, '2023-11-10 02:39:10', '2023-11-10 02:39:10'),
(681, 8, 'Updated', NULL, '2023-11-10 02:39:10', '2023-11-10 02:39:10'),
(682, 9, 'Updated', NULL, '2023-11-10 02:39:10', '2023-11-10 02:39:10'),
(683, 10, 'Updated', NULL, '2023-11-10 02:39:10', '2023-11-10 02:39:10'),
(684, 11, 'Updated', NULL, '2023-11-10 02:39:10', '2023-11-10 02:39:10'),
(685, 12, 'Updated', NULL, '2023-11-10 02:39:10', '2023-11-10 02:39:10'),
(686, 13, 'Updated', NULL, '2023-11-10 02:39:10', '2023-11-10 02:39:10'),
(687, 14, 'Updated', NULL, '2023-11-10 02:39:10', '2023-11-10 02:39:10'),
(688, 15, 'Updated', NULL, '2023-11-10 02:39:10', '2023-11-10 02:39:10'),
(689, 16, 'Updated', NULL, '2023-11-10 02:39:10', '2023-11-10 02:39:10'),
(690, 17, 'Updated', NULL, '2023-11-10 02:39:10', '2023-11-10 02:39:10'),
(691, 18, 'Updated', NULL, '2023-11-10 02:39:10', '2023-11-10 02:39:10'),
(692, 19, 'Updated', NULL, '2023-11-10 02:39:10', '2023-11-10 02:39:10'),
(693, 20, 'Updated', NULL, '2023-11-10 02:39:10', '2023-11-10 02:39:10'),
(694, 21, 'Updated', NULL, '2023-11-10 02:39:10', '2023-11-10 02:39:10'),
(695, 22, 'Updated', NULL, '2023-11-10 02:39:10', '2023-11-10 02:39:10'),
(696, 23, 'Updated', NULL, '2023-11-10 02:39:10', '2023-11-10 02:39:10'),
(697, 24, 'Updated', NULL, '2023-11-10 02:39:10', '2023-11-10 02:39:10'),
(698, 25, 'Updated', NULL, '2023-11-10 02:39:10', '2023-11-10 02:39:10');
INSERT INTO `employee_logs` (`id`, `employee_id`, `action`, `action_by`, `created_at`, `updated_at`) VALUES
(699, 27, 'Updated', NULL, '2023-11-10 02:39:10', '2023-11-10 02:39:10'),
(700, 28, 'Updated', NULL, '2023-11-10 02:39:10', '2023-11-10 02:39:10'),
(701, 29, 'Updated', NULL, '2023-11-10 02:39:10', '2023-11-10 02:39:10'),
(702, 30, 'Updated', NULL, '2023-11-10 02:39:10', '2023-11-10 02:39:10'),
(703, 31, 'Updated', NULL, '2023-11-10 02:39:10', '2023-11-10 02:39:10'),
(704, 33, 'Updated', NULL, '2023-11-10 02:39:10', '2023-11-10 02:39:10'),
(705, 34, 'Updated', NULL, '2023-11-10 02:39:10', '2023-11-10 02:39:10'),
(706, 35, 'Updated', NULL, '2023-11-10 02:39:10', '2023-11-10 02:39:10'),
(707, 36, 'Updated', NULL, '2023-11-10 02:39:10', '2023-11-10 02:39:10'),
(708, 37, 'Updated', NULL, '2023-11-10 02:39:10', '2023-11-10 02:39:10'),
(709, 38, 'Updated', NULL, '2023-11-10 02:39:10', '2023-11-10 02:39:10'),
(710, 39, 'Created', NULL, '2023-11-10 02:39:10', '2023-11-10 02:39:10'),
(711, 2, 'Updated', NULL, '2023-11-10 02:39:10', '2023-11-10 02:39:10'),
(712, 3, 'Updated', NULL, '2023-11-10 02:39:10', '2023-11-10 02:39:10'),
(713, 4, 'Updated', NULL, '2023-11-10 02:39:10', '2023-11-10 02:39:10'),
(714, 5, 'Updated', NULL, '2023-11-10 02:39:10', '2023-11-10 02:39:10'),
(715, 6, 'Updated', NULL, '2023-11-10 02:39:10', '2023-11-10 02:39:10'),
(716, 7, 'Updated', NULL, '2023-11-10 02:39:10', '2023-11-10 02:39:10'),
(717, 8, 'Updated', NULL, '2023-11-10 02:39:10', '2023-11-10 02:39:10'),
(718, 9, 'Updated', NULL, '2023-11-10 02:39:10', '2023-11-10 02:39:10'),
(719, 10, 'Updated', NULL, '2023-11-10 02:39:10', '2023-11-10 02:39:10'),
(720, 11, 'Updated', NULL, '2023-11-10 02:39:10', '2023-11-10 02:39:10'),
(721, 12, 'Updated', NULL, '2023-11-10 02:39:10', '2023-11-10 02:39:10'),
(722, 13, 'Updated', NULL, '2023-11-10 02:39:10', '2023-11-10 02:39:10'),
(723, 14, 'Updated', NULL, '2023-11-10 02:39:10', '2023-11-10 02:39:10'),
(724, 15, 'Updated', NULL, '2023-11-10 02:39:10', '2023-11-10 02:39:10'),
(725, 16, 'Updated', NULL, '2023-11-10 02:39:10', '2023-11-10 02:39:10'),
(726, 17, 'Updated', NULL, '2023-11-10 02:39:10', '2023-11-10 02:39:10'),
(727, 18, 'Updated', NULL, '2023-11-10 02:39:10', '2023-11-10 02:39:10'),
(728, 19, 'Updated', NULL, '2023-11-10 02:39:10', '2023-11-10 02:39:10'),
(729, 20, 'Updated', NULL, '2023-11-10 02:39:10', '2023-11-10 02:39:10'),
(730, 21, 'Updated', NULL, '2023-11-10 02:39:10', '2023-11-10 02:39:10'),
(731, 22, 'Updated', NULL, '2023-11-10 02:39:10', '2023-11-10 02:39:10'),
(732, 23, 'Updated', NULL, '2023-11-10 02:39:10', '2023-11-10 02:39:10'),
(733, 24, 'Updated', NULL, '2023-11-10 02:39:10', '2023-11-10 02:39:10'),
(734, 25, 'Updated', NULL, '2023-11-10 02:39:10', '2023-11-10 02:39:10'),
(735, 26, 'Updated', NULL, '2023-11-10 02:39:10', '2023-11-10 02:39:10'),
(736, 27, 'Updated', NULL, '2023-11-10 02:39:10', '2023-11-10 02:39:10'),
(737, 28, 'Updated', NULL, '2023-11-10 02:39:10', '2023-11-10 02:39:10'),
(738, 29, 'Updated', NULL, '2023-11-10 02:39:10', '2023-11-10 02:39:10'),
(739, 30, 'Updated', NULL, '2023-11-10 02:39:10', '2023-11-10 02:39:10'),
(740, 31, 'Updated', NULL, '2023-11-10 02:39:10', '2023-11-10 02:39:10'),
(741, 32, 'Updated', NULL, '2023-11-10 02:39:10', '2023-11-10 02:39:10'),
(742, 33, 'Updated', NULL, '2023-11-10 02:39:10', '2023-11-10 02:39:10'),
(743, 34, 'Updated', NULL, '2023-11-10 02:39:10', '2023-11-10 02:39:10'),
(744, 35, 'Updated', NULL, '2023-11-10 02:39:10', '2023-11-10 02:39:10'),
(745, 36, 'Updated', NULL, '2023-11-10 02:39:10', '2023-11-10 02:39:10'),
(746, 37, 'Updated', NULL, '2023-11-10 02:39:10', '2023-11-10 02:39:10'),
(747, 38, 'Updated', NULL, '2023-11-10 02:39:10', '2023-11-10 02:39:10'),
(748, 39, 'Updated', NULL, '2023-11-10 02:39:10', '2023-11-10 02:39:10'),
(749, 40, 'Created', NULL, '2023-11-10 02:39:10', '2023-11-10 02:39:10'),
(750, 2, 'Updated', NULL, '2023-11-10 02:39:10', '2023-11-10 02:39:10'),
(751, 3, 'Updated', NULL, '2023-11-10 02:39:10', '2023-11-10 02:39:10'),
(752, 4, 'Updated', NULL, '2023-11-10 02:39:10', '2023-11-10 02:39:10'),
(753, 5, 'Updated', NULL, '2023-11-10 02:39:10', '2023-11-10 02:39:10'),
(754, 6, 'Updated', NULL, '2023-11-10 02:39:10', '2023-11-10 02:39:10'),
(755, 7, 'Updated', NULL, '2023-11-10 02:39:10', '2023-11-10 02:39:10'),
(756, 8, 'Updated', NULL, '2023-11-10 02:39:10', '2023-11-10 02:39:10'),
(757, 9, 'Updated', NULL, '2023-11-10 02:39:10', '2023-11-10 02:39:10'),
(758, 10, 'Updated', NULL, '2023-11-10 02:39:10', '2023-11-10 02:39:10'),
(759, 11, 'Updated', NULL, '2023-11-10 02:39:10', '2023-11-10 02:39:10'),
(760, 12, 'Updated', NULL, '2023-11-10 02:39:10', '2023-11-10 02:39:10'),
(761, 13, 'Updated', NULL, '2023-11-10 02:39:10', '2023-11-10 02:39:10'),
(762, 14, 'Updated', NULL, '2023-11-10 02:39:10', '2023-11-10 02:39:10'),
(763, 15, 'Updated', NULL, '2023-11-10 02:39:10', '2023-11-10 02:39:10'),
(764, 16, 'Updated', NULL, '2023-11-10 02:39:10', '2023-11-10 02:39:10'),
(765, 17, 'Updated', NULL, '2023-11-10 02:39:10', '2023-11-10 02:39:10'),
(766, 18, 'Updated', NULL, '2023-11-10 02:39:10', '2023-11-10 02:39:10'),
(767, 19, 'Updated', NULL, '2023-11-10 02:39:10', '2023-11-10 02:39:10'),
(768, 20, 'Updated', NULL, '2023-11-10 02:39:10', '2023-11-10 02:39:10'),
(769, 21, 'Updated', NULL, '2023-11-10 02:39:10', '2023-11-10 02:39:10'),
(770, 22, 'Updated', NULL, '2023-11-10 02:39:10', '2023-11-10 02:39:10'),
(771, 23, 'Updated', NULL, '2023-11-10 02:39:10', '2023-11-10 02:39:10'),
(772, 24, 'Updated', NULL, '2023-11-10 02:39:10', '2023-11-10 02:39:10'),
(773, 25, 'Updated', NULL, '2023-11-10 02:39:10', '2023-11-10 02:39:10'),
(774, 26, 'Updated', NULL, '2023-11-10 02:39:10', '2023-11-10 02:39:10'),
(775, 27, 'Updated', NULL, '2023-11-10 02:39:10', '2023-11-10 02:39:10'),
(776, 28, 'Updated', NULL, '2023-11-10 02:39:10', '2023-11-10 02:39:10'),
(777, 29, 'Updated', NULL, '2023-11-10 02:39:10', '2023-11-10 02:39:10'),
(778, 30, 'Updated', NULL, '2023-11-10 02:39:10', '2023-11-10 02:39:10'),
(779, 32, 'Updated', NULL, '2023-11-10 02:39:11', '2023-11-10 02:39:11'),
(780, 33, 'Updated', NULL, '2023-11-10 02:39:11', '2023-11-10 02:39:11'),
(781, 34, 'Updated', NULL, '2023-11-10 02:39:11', '2023-11-10 02:39:11'),
(782, 35, 'Updated', NULL, '2023-11-10 02:39:11', '2023-11-10 02:39:11'),
(783, 36, 'Updated', NULL, '2023-11-10 02:39:11', '2023-11-10 02:39:11'),
(784, 37, 'Updated', NULL, '2023-11-10 02:39:11', '2023-11-10 02:39:11'),
(785, 38, 'Updated', NULL, '2023-11-10 02:39:11', '2023-11-10 02:39:11'),
(786, 39, 'Updated', NULL, '2023-11-10 02:39:11', '2023-11-10 02:39:11'),
(787, 40, 'Updated', NULL, '2023-11-10 02:39:11', '2023-11-10 02:39:11'),
(788, 41, 'Created', NULL, '2023-11-10 02:39:11', '2023-11-10 02:39:11'),
(789, 2, 'Updated', NULL, '2023-11-10 02:39:11', '2023-11-10 02:39:11'),
(790, 3, 'Updated', NULL, '2023-11-10 02:39:11', '2023-11-10 02:39:11'),
(791, 4, 'Updated', NULL, '2023-11-10 02:39:11', '2023-11-10 02:39:11'),
(792, 5, 'Updated', NULL, '2023-11-10 02:39:11', '2023-11-10 02:39:11'),
(793, 6, 'Updated', NULL, '2023-11-10 02:39:11', '2023-11-10 02:39:11'),
(794, 7, 'Updated', NULL, '2023-11-10 02:39:11', '2023-11-10 02:39:11'),
(795, 8, 'Updated', NULL, '2023-11-10 02:39:11', '2023-11-10 02:39:11'),
(796, 9, 'Updated', NULL, '2023-11-10 02:39:11', '2023-11-10 02:39:11'),
(797, 11, 'Updated', NULL, '2023-11-10 02:39:11', '2023-11-10 02:39:11'),
(798, 12, 'Updated', NULL, '2023-11-10 02:39:11', '2023-11-10 02:39:11'),
(799, 13, 'Updated', NULL, '2023-11-10 02:39:11', '2023-11-10 02:39:11'),
(800, 14, 'Updated', NULL, '2023-11-10 02:39:11', '2023-11-10 02:39:11'),
(801, 15, 'Updated', NULL, '2023-11-10 02:39:11', '2023-11-10 02:39:11'),
(802, 16, 'Updated', NULL, '2023-11-10 02:39:11', '2023-11-10 02:39:11'),
(803, 17, 'Updated', NULL, '2023-11-10 02:39:11', '2023-11-10 02:39:11'),
(804, 18, 'Updated', NULL, '2023-11-10 02:39:11', '2023-11-10 02:39:11'),
(805, 19, 'Updated', NULL, '2023-11-10 02:39:11', '2023-11-10 02:39:11'),
(806, 20, 'Updated', NULL, '2023-11-10 02:39:11', '2023-11-10 02:39:11'),
(807, 21, 'Updated', NULL, '2023-11-10 02:39:11', '2023-11-10 02:39:11'),
(808, 22, 'Updated', NULL, '2023-11-10 02:39:11', '2023-11-10 02:39:11'),
(809, 23, 'Updated', NULL, '2023-11-10 02:39:11', '2023-11-10 02:39:11'),
(810, 24, 'Updated', NULL, '2023-11-10 02:39:11', '2023-11-10 02:39:11'),
(811, 25, 'Updated', NULL, '2023-11-10 02:39:11', '2023-11-10 02:39:11'),
(812, 26, 'Updated', NULL, '2023-11-10 02:39:11', '2023-11-10 02:39:11'),
(813, 27, 'Updated', NULL, '2023-11-10 02:39:11', '2023-11-10 02:39:11'),
(814, 28, 'Updated', NULL, '2023-11-10 02:39:11', '2023-11-10 02:39:11'),
(815, 29, 'Updated', NULL, '2023-11-10 02:39:11', '2023-11-10 02:39:11'),
(816, 30, 'Updated', NULL, '2023-11-10 02:39:11', '2023-11-10 02:39:11'),
(817, 31, 'Updated', NULL, '2023-11-10 02:39:11', '2023-11-10 02:39:11'),
(818, 32, 'Updated', NULL, '2023-11-10 02:39:11', '2023-11-10 02:39:11'),
(819, 33, 'Updated', NULL, '2023-11-10 02:39:11', '2023-11-10 02:39:11'),
(820, 34, 'Updated', NULL, '2023-11-10 02:39:11', '2023-11-10 02:39:11'),
(821, 35, 'Updated', NULL, '2023-11-10 02:39:11', '2023-11-10 02:39:11'),
(822, 36, 'Updated', NULL, '2023-11-10 02:39:11', '2023-11-10 02:39:11'),
(823, 37, 'Updated', NULL, '2023-11-10 02:39:11', '2023-11-10 02:39:11'),
(824, 38, 'Updated', NULL, '2023-11-10 02:39:11', '2023-11-10 02:39:11'),
(825, 39, 'Updated', NULL, '2023-11-10 02:39:11', '2023-11-10 02:39:11'),
(826, 40, 'Updated', NULL, '2023-11-10 02:39:11', '2023-11-10 02:39:11'),
(827, 41, 'Updated', NULL, '2023-11-10 02:39:11', '2023-11-10 02:39:11'),
(828, 42, 'Created', NULL, '2023-11-10 02:39:11', '2023-11-10 02:39:11'),
(829, 2, 'Updated', NULL, '2023-11-10 02:39:11', '2023-11-10 02:39:11'),
(830, 3, 'Updated', NULL, '2023-11-10 02:39:11', '2023-11-10 02:39:11'),
(831, 4, 'Updated', NULL, '2023-11-10 02:39:11', '2023-11-10 02:39:11'),
(832, 5, 'Updated', NULL, '2023-11-10 02:39:11', '2023-11-10 02:39:11'),
(833, 6, 'Updated', NULL, '2023-11-10 02:39:11', '2023-11-10 02:39:11'),
(834, 7, 'Updated', NULL, '2023-11-10 02:39:11', '2023-11-10 02:39:11'),
(835, 8, 'Updated', NULL, '2023-11-10 02:39:11', '2023-11-10 02:39:11'),
(836, 9, 'Updated', NULL, '2023-11-10 02:39:11', '2023-11-10 02:39:11'),
(837, 10, 'Updated', NULL, '2023-11-10 02:39:11', '2023-11-10 02:39:11'),
(838, 11, 'Updated', NULL, '2023-11-10 02:39:11', '2023-11-10 02:39:11'),
(839, 12, 'Updated', NULL, '2023-11-10 02:39:11', '2023-11-10 02:39:11'),
(840, 13, 'Updated', NULL, '2023-11-10 02:39:11', '2023-11-10 02:39:11'),
(841, 14, 'Updated', NULL, '2023-11-10 02:39:11', '2023-11-10 02:39:11'),
(842, 15, 'Updated', NULL, '2023-11-10 02:39:11', '2023-11-10 02:39:11'),
(843, 16, 'Updated', NULL, '2023-11-10 02:39:11', '2023-11-10 02:39:11'),
(844, 17, 'Updated', NULL, '2023-11-10 02:39:11', '2023-11-10 02:39:11'),
(845, 18, 'Updated', NULL, '2023-11-10 02:39:11', '2023-11-10 02:39:11'),
(846, 19, 'Updated', NULL, '2023-11-10 02:39:11', '2023-11-10 02:39:11'),
(847, 20, 'Updated', NULL, '2023-11-10 02:39:11', '2023-11-10 02:39:11'),
(848, 21, 'Updated', NULL, '2023-11-10 02:39:11', '2023-11-10 02:39:11'),
(849, 22, 'Updated', NULL, '2023-11-10 02:39:11', '2023-11-10 02:39:11'),
(850, 23, 'Updated', NULL, '2023-11-10 02:39:11', '2023-11-10 02:39:11'),
(851, 24, 'Updated', NULL, '2023-11-10 02:39:11', '2023-11-10 02:39:11'),
(852, 25, 'Updated', NULL, '2023-11-10 02:39:11', '2023-11-10 02:39:11'),
(853, 26, 'Updated', NULL, '2023-11-10 02:39:11', '2023-11-10 02:39:11'),
(854, 27, 'Updated', NULL, '2023-11-10 02:39:11', '2023-11-10 02:39:11'),
(855, 28, 'Updated', NULL, '2023-11-10 02:39:11', '2023-11-10 02:39:11'),
(856, 29, 'Updated', NULL, '2023-11-10 02:39:11', '2023-11-10 02:39:11'),
(857, 31, 'Updated', NULL, '2023-11-10 02:39:11', '2023-11-10 02:39:11'),
(858, 32, 'Updated', NULL, '2023-11-10 02:39:11', '2023-11-10 02:39:11'),
(859, 33, 'Updated', NULL, '2023-11-10 02:39:11', '2023-11-10 02:39:11'),
(860, 34, 'Updated', NULL, '2023-11-10 02:39:11', '2023-11-10 02:39:11'),
(861, 35, 'Updated', NULL, '2023-11-10 02:39:11', '2023-11-10 02:39:11'),
(862, 36, 'Updated', NULL, '2023-11-10 02:39:11', '2023-11-10 02:39:11'),
(863, 37, 'Updated', NULL, '2023-11-10 02:39:11', '2023-11-10 02:39:11'),
(864, 38, 'Updated', NULL, '2023-11-10 02:39:11', '2023-11-10 02:39:11'),
(865, 39, 'Updated', NULL, '2023-11-10 02:39:11', '2023-11-10 02:39:11'),
(866, 40, 'Updated', NULL, '2023-11-10 02:39:11', '2023-11-10 02:39:11'),
(867, 41, 'Updated', NULL, '2023-11-10 02:39:11', '2023-11-10 02:39:11'),
(868, 42, 'Updated', NULL, '2023-11-10 02:39:11', '2023-11-10 02:39:11'),
(869, 43, 'Created', NULL, '2023-11-10 02:39:11', '2023-11-10 02:39:11'),
(870, 2, 'Updated', NULL, '2023-11-10 02:39:11', '2023-11-10 02:39:11'),
(871, 3, 'Updated', NULL, '2023-11-10 02:39:11', '2023-11-10 02:39:11'),
(872, 4, 'Updated', NULL, '2023-11-10 02:39:11', '2023-11-10 02:39:11'),
(873, 5, 'Updated', NULL, '2023-11-10 02:39:11', '2023-11-10 02:39:11'),
(874, 6, 'Updated', NULL, '2023-11-10 02:39:11', '2023-11-10 02:39:11'),
(875, 7, 'Updated', NULL, '2023-11-10 02:39:11', '2023-11-10 02:39:11'),
(876, 8, 'Updated', NULL, '2023-11-10 02:39:11', '2023-11-10 02:39:11'),
(877, 9, 'Updated', NULL, '2023-11-10 02:39:11', '2023-11-10 02:39:11'),
(878, 10, 'Updated', NULL, '2023-11-10 02:39:11', '2023-11-10 02:39:11'),
(879, 11, 'Updated', NULL, '2023-11-10 02:39:11', '2023-11-10 02:39:11'),
(880, 12, 'Updated', NULL, '2023-11-10 02:39:11', '2023-11-10 02:39:11'),
(881, 13, 'Updated', NULL, '2023-11-10 02:39:11', '2023-11-10 02:39:11'),
(882, 14, 'Updated', NULL, '2023-11-10 02:39:11', '2023-11-10 02:39:11'),
(883, 15, 'Updated', NULL, '2023-11-10 02:39:11', '2023-11-10 02:39:11'),
(884, 16, 'Updated', NULL, '2023-11-10 02:39:11', '2023-11-10 02:39:11'),
(885, 18, 'Updated', NULL, '2023-11-10 02:39:11', '2023-11-10 02:39:11'),
(886, 19, 'Updated', NULL, '2023-11-10 02:39:11', '2023-11-10 02:39:11'),
(887, 20, 'Updated', NULL, '2023-11-10 02:39:11', '2023-11-10 02:39:11'),
(888, 21, 'Updated', NULL, '2023-11-10 02:39:11', '2023-11-10 02:39:11'),
(889, 22, 'Updated', NULL, '2023-11-10 02:39:11', '2023-11-10 02:39:11'),
(890, 23, 'Updated', NULL, '2023-11-10 02:39:11', '2023-11-10 02:39:11'),
(891, 24, 'Updated', NULL, '2023-11-10 02:39:11', '2023-11-10 02:39:11'),
(892, 25, 'Updated', NULL, '2023-11-10 02:39:11', '2023-11-10 02:39:11'),
(893, 26, 'Updated', NULL, '2023-11-10 02:39:11', '2023-11-10 02:39:11'),
(894, 27, 'Updated', NULL, '2023-11-10 02:39:11', '2023-11-10 02:39:11'),
(895, 28, 'Updated', NULL, '2023-11-10 02:39:11', '2023-11-10 02:39:11'),
(896, 29, 'Updated', NULL, '2023-11-10 02:39:11', '2023-11-10 02:39:11'),
(897, 30, 'Updated', NULL, '2023-11-10 02:39:11', '2023-11-10 02:39:11'),
(898, 31, 'Updated', NULL, '2023-11-10 02:39:11', '2023-11-10 02:39:11'),
(899, 32, 'Updated', NULL, '2023-11-10 02:39:11', '2023-11-10 02:39:11'),
(900, 33, 'Updated', NULL, '2023-11-10 02:39:11', '2023-11-10 02:39:11'),
(901, 34, 'Updated', NULL, '2023-11-10 02:39:11', '2023-11-10 02:39:11'),
(902, 35, 'Updated', NULL, '2023-11-10 02:39:11', '2023-11-10 02:39:11'),
(903, 36, 'Updated', NULL, '2023-11-10 02:39:11', '2023-11-10 02:39:11'),
(904, 37, 'Updated', NULL, '2023-11-10 02:39:11', '2023-11-10 02:39:11'),
(905, 38, 'Updated', NULL, '2023-11-10 02:39:11', '2023-11-10 02:39:11'),
(906, 39, 'Updated', NULL, '2023-11-10 02:39:11', '2023-11-10 02:39:11'),
(907, 40, 'Updated', NULL, '2023-11-10 02:39:11', '2023-11-10 02:39:11'),
(908, 41, 'Updated', NULL, '2023-11-10 02:39:11', '2023-11-10 02:39:11'),
(909, 42, 'Updated', NULL, '2023-11-10 02:39:11', '2023-11-10 02:39:11'),
(910, 43, 'Updated', NULL, '2023-11-10 02:39:11', '2023-11-10 02:39:11'),
(911, 44, 'Created', NULL, '2023-11-10 02:39:11', '2023-11-10 02:39:11'),
(912, 2, 'Updated', NULL, '2023-11-10 02:39:11', '2023-11-10 02:39:11'),
(913, 3, 'Updated', NULL, '2023-11-10 02:39:11', '2023-11-10 02:39:11'),
(914, 4, 'Updated', NULL, '2023-11-10 02:39:11', '2023-11-10 02:39:11'),
(915, 5, 'Updated', NULL, '2023-11-10 02:39:11', '2023-11-10 02:39:11'),
(916, 6, 'Updated', NULL, '2023-11-10 02:39:11', '2023-11-10 02:39:11'),
(917, 8, 'Updated', NULL, '2023-11-10 02:39:11', '2023-11-10 02:39:11'),
(918, 9, 'Updated', NULL, '2023-11-10 02:39:11', '2023-11-10 02:39:11'),
(919, 10, 'Updated', NULL, '2023-11-10 02:39:11', '2023-11-10 02:39:11'),
(920, 11, 'Updated', NULL, '2023-11-10 02:39:11', '2023-11-10 02:39:11'),
(921, 12, 'Updated', NULL, '2023-11-10 02:39:11', '2023-11-10 02:39:11'),
(922, 13, 'Updated', NULL, '2023-11-10 02:39:11', '2023-11-10 02:39:11'),
(923, 14, 'Updated', NULL, '2023-11-10 02:39:11', '2023-11-10 02:39:11'),
(924, 15, 'Updated', NULL, '2023-11-10 02:39:11', '2023-11-10 02:39:11'),
(925, 16, 'Updated', NULL, '2023-11-10 02:39:11', '2023-11-10 02:39:11'),
(926, 17, 'Updated', NULL, '2023-11-10 02:39:11', '2023-11-10 02:39:11'),
(927, 18, 'Updated', NULL, '2023-11-10 02:39:11', '2023-11-10 02:39:11'),
(928, 19, 'Updated', NULL, '2023-11-10 02:39:11', '2023-11-10 02:39:11'),
(929, 20, 'Updated', NULL, '2023-11-10 02:39:11', '2023-11-10 02:39:11'),
(930, 21, 'Updated', NULL, '2023-11-10 02:39:11', '2023-11-10 02:39:11'),
(931, 22, 'Updated', NULL, '2023-11-10 02:39:11', '2023-11-10 02:39:11'),
(932, 23, 'Updated', NULL, '2023-11-10 02:39:11', '2023-11-10 02:39:11'),
(933, 24, 'Updated', NULL, '2023-11-10 02:39:11', '2023-11-10 02:39:11'),
(934, 25, 'Updated', NULL, '2023-11-10 02:39:11', '2023-11-10 02:39:11'),
(935, 26, 'Updated', NULL, '2023-11-10 02:39:11', '2023-11-10 02:39:11'),
(936, 27, 'Updated', NULL, '2023-11-10 02:39:11', '2023-11-10 02:39:11'),
(937, 28, 'Updated', NULL, '2023-11-10 02:39:11', '2023-11-10 02:39:11'),
(938, 29, 'Updated', NULL, '2023-11-10 02:39:11', '2023-11-10 02:39:11'),
(939, 30, 'Updated', NULL, '2023-11-10 02:39:11', '2023-11-10 02:39:11'),
(940, 31, 'Updated', NULL, '2023-11-10 02:39:11', '2023-11-10 02:39:11'),
(941, 32, 'Updated', NULL, '2023-11-10 02:39:11', '2023-11-10 02:39:11'),
(942, 33, 'Updated', NULL, '2023-11-10 02:39:11', '2023-11-10 02:39:11'),
(943, 34, 'Updated', NULL, '2023-11-10 02:39:11', '2023-11-10 02:39:11'),
(944, 35, 'Updated', NULL, '2023-11-10 02:39:11', '2023-11-10 02:39:11'),
(945, 36, 'Updated', NULL, '2023-11-10 02:39:11', '2023-11-10 02:39:11'),
(946, 37, 'Updated', NULL, '2023-11-10 02:39:11', '2023-11-10 02:39:11'),
(947, 38, 'Updated', NULL, '2023-11-10 02:39:11', '2023-11-10 02:39:11'),
(948, 39, 'Updated', NULL, '2023-11-10 02:39:11', '2023-11-10 02:39:11'),
(949, 40, 'Updated', NULL, '2023-11-10 02:39:11', '2023-11-10 02:39:11'),
(950, 41, 'Updated', NULL, '2023-11-10 02:39:11', '2023-11-10 02:39:11'),
(951, 42, 'Updated', NULL, '2023-11-10 02:39:11', '2023-11-10 02:39:11'),
(952, 43, 'Updated', NULL, '2023-11-10 02:39:11', '2023-11-10 02:39:11'),
(953, 44, 'Updated', NULL, '2023-11-10 02:39:11', '2023-11-10 02:39:11'),
(954, 45, 'Created', NULL, '2023-11-10 02:39:11', '2023-11-10 02:39:11'),
(955, 2, 'Updated', NULL, '2023-11-10 02:39:11', '2023-11-10 02:39:11'),
(956, 3, 'Updated', NULL, '2023-11-10 02:39:11', '2023-11-10 02:39:11'),
(957, 4, 'Updated', NULL, '2023-11-10 02:39:11', '2023-11-10 02:39:11'),
(958, 5, 'Updated', NULL, '2023-11-10 02:39:11', '2023-11-10 02:39:11'),
(959, 6, 'Updated', NULL, '2023-11-10 02:39:11', '2023-11-10 02:39:11'),
(960, 7, 'Updated', NULL, '2023-11-10 02:39:11', '2023-11-10 02:39:11'),
(961, 8, 'Updated', NULL, '2023-11-10 02:39:11', '2023-11-10 02:39:11'),
(962, 9, 'Updated', NULL, '2023-11-10 02:39:11', '2023-11-10 02:39:11'),
(963, 10, 'Updated', NULL, '2023-11-10 02:39:11', '2023-11-10 02:39:11'),
(964, 11, 'Updated', NULL, '2023-11-10 02:39:11', '2023-11-10 02:39:11'),
(965, 12, 'Updated', NULL, '2023-11-10 02:39:11', '2023-11-10 02:39:11'),
(966, 13, 'Updated', NULL, '2023-11-10 02:39:11', '2023-11-10 02:39:11'),
(967, 14, 'Updated', NULL, '2023-11-10 02:39:11', '2023-11-10 02:39:11'),
(968, 15, 'Updated', NULL, '2023-11-10 02:39:11', '2023-11-10 02:39:11'),
(969, 16, 'Updated', NULL, '2023-11-10 02:39:11', '2023-11-10 02:39:11'),
(970, 17, 'Updated', NULL, '2023-11-10 02:39:11', '2023-11-10 02:39:11'),
(971, 18, 'Updated', NULL, '2023-11-10 02:39:11', '2023-11-10 02:39:11'),
(972, 19, 'Updated', NULL, '2023-11-10 02:39:11', '2023-11-10 02:39:11'),
(973, 20, 'Updated', NULL, '2023-11-10 02:39:11', '2023-11-10 02:39:11'),
(974, 21, 'Updated', NULL, '2023-11-10 02:39:11', '2023-11-10 02:39:11'),
(975, 22, 'Updated', NULL, '2023-11-10 02:39:11', '2023-11-10 02:39:11'),
(976, 23, 'Updated', NULL, '2023-11-10 02:39:11', '2023-11-10 02:39:11'),
(977, 24, 'Updated', NULL, '2023-11-10 02:39:11', '2023-11-10 02:39:11'),
(978, 25, 'Updated', NULL, '2023-11-10 02:39:11', '2023-11-10 02:39:11'),
(979, 26, 'Updated', NULL, '2023-11-10 02:39:11', '2023-11-10 02:39:11'),
(980, 27, 'Updated', NULL, '2023-11-10 02:39:11', '2023-11-10 02:39:11'),
(981, 28, 'Updated', NULL, '2023-11-10 02:39:11', '2023-11-10 02:39:11'),
(982, 29, 'Updated', NULL, '2023-11-10 02:39:11', '2023-11-10 02:39:11'),
(983, 30, 'Updated', NULL, '2023-11-10 02:39:11', '2023-11-10 02:39:11'),
(984, 31, 'Updated', NULL, '2023-11-10 02:39:11', '2023-11-10 02:39:11'),
(985, 32, 'Updated', NULL, '2023-11-10 02:39:11', '2023-11-10 02:39:11'),
(986, 33, 'Updated', NULL, '2023-11-10 02:39:12', '2023-11-10 02:39:12'),
(987, 34, 'Updated', NULL, '2023-11-10 02:39:12', '2023-11-10 02:39:12'),
(988, 35, 'Updated', NULL, '2023-11-10 02:39:12', '2023-11-10 02:39:12'),
(989, 36, 'Updated', NULL, '2023-11-10 02:39:12', '2023-11-10 02:39:12'),
(990, 37, 'Updated', NULL, '2023-11-10 02:39:12', '2023-11-10 02:39:12'),
(991, 38, 'Updated', NULL, '2023-11-10 02:39:12', '2023-11-10 02:39:12'),
(992, 39, 'Updated', NULL, '2023-11-10 02:39:12', '2023-11-10 02:39:12'),
(993, 40, 'Updated', NULL, '2023-11-10 02:39:12', '2023-11-10 02:39:12'),
(994, 41, 'Updated', NULL, '2023-11-10 02:39:12', '2023-11-10 02:39:12'),
(995, 42, 'Updated', NULL, '2023-11-10 02:39:12', '2023-11-10 02:39:12'),
(996, 43, 'Updated', NULL, '2023-11-10 02:39:12', '2023-11-10 02:39:12'),
(997, 44, 'Updated', NULL, '2023-11-10 02:39:12', '2023-11-10 02:39:12'),
(998, 45, 'Updated', NULL, '2023-11-10 02:39:12', '2023-11-10 02:39:12'),
(999, 46, 'Created', NULL, '2023-11-10 02:39:12', '2023-11-10 02:39:12'),
(1000, 2, 'Updated', NULL, '2023-11-10 02:39:12', '2023-11-10 02:39:12'),
(1001, 3, 'Updated', NULL, '2023-11-10 02:39:12', '2023-11-10 02:39:12'),
(1002, 4, 'Updated', NULL, '2023-11-10 02:39:12', '2023-11-10 02:39:12'),
(1003, 5, 'Updated', NULL, '2023-11-10 02:39:12', '2023-11-10 02:39:12'),
(1004, 6, 'Updated', NULL, '2023-11-10 02:39:12', '2023-11-10 02:39:12'),
(1005, 7, 'Updated', NULL, '2023-11-10 02:39:12', '2023-11-10 02:39:12'),
(1006, 8, 'Updated', NULL, '2023-11-10 02:39:12', '2023-11-10 02:39:12'),
(1007, 9, 'Updated', NULL, '2023-11-10 02:39:12', '2023-11-10 02:39:12'),
(1008, 10, 'Updated', NULL, '2023-11-10 02:39:12', '2023-11-10 02:39:12'),
(1009, 11, 'Updated', NULL, '2023-11-10 02:39:12', '2023-11-10 02:39:12'),
(1010, 12, 'Updated', NULL, '2023-11-10 02:39:12', '2023-11-10 02:39:12'),
(1011, 13, 'Updated', NULL, '2023-11-10 02:39:12', '2023-11-10 02:39:12'),
(1012, 14, 'Updated', NULL, '2023-11-10 02:39:12', '2023-11-10 02:39:12'),
(1013, 15, 'Updated', NULL, '2023-11-10 02:39:12', '2023-11-10 02:39:12'),
(1014, 16, 'Updated', NULL, '2023-11-10 02:39:12', '2023-11-10 02:39:12'),
(1015, 17, 'Updated', NULL, '2023-11-10 02:39:12', '2023-11-10 02:39:12'),
(1016, 18, 'Updated', NULL, '2023-11-10 02:39:12', '2023-11-10 02:39:12'),
(1017, 19, 'Updated', NULL, '2023-11-10 02:39:12', '2023-11-10 02:39:12'),
(1018, 20, 'Updated', NULL, '2023-11-10 02:39:12', '2023-11-10 02:39:12'),
(1019, 21, 'Updated', NULL, '2023-11-10 02:39:12', '2023-11-10 02:39:12'),
(1020, 22, 'Updated', NULL, '2023-11-10 02:39:12', '2023-11-10 02:39:12'),
(1021, 23, 'Updated', NULL, '2023-11-10 02:39:12', '2023-11-10 02:39:12'),
(1022, 24, 'Updated', NULL, '2023-11-10 02:39:12', '2023-11-10 02:39:12'),
(1023, 25, 'Updated', NULL, '2023-11-10 02:39:12', '2023-11-10 02:39:12'),
(1024, 26, 'Updated', NULL, '2023-11-10 02:39:12', '2023-11-10 02:39:12'),
(1025, 27, 'Updated', NULL, '2023-11-10 02:39:12', '2023-11-10 02:39:12'),
(1026, 28, 'Updated', NULL, '2023-11-10 02:39:12', '2023-11-10 02:39:12'),
(1027, 29, 'Updated', NULL, '2023-11-10 02:39:12', '2023-11-10 02:39:12'),
(1028, 30, 'Updated', NULL, '2023-11-10 02:39:12', '2023-11-10 02:39:12'),
(1029, 31, 'Updated', NULL, '2023-11-10 02:39:12', '2023-11-10 02:39:12'),
(1030, 32, 'Updated', NULL, '2023-11-10 02:39:12', '2023-11-10 02:39:12'),
(1031, 33, 'Updated', NULL, '2023-11-10 02:39:12', '2023-11-10 02:39:12'),
(1032, 34, 'Updated', NULL, '2023-11-10 02:39:12', '2023-11-10 02:39:12'),
(1033, 35, 'Updated', NULL, '2023-11-10 02:39:12', '2023-11-10 02:39:12'),
(1034, 36, 'Updated', NULL, '2023-11-10 02:39:12', '2023-11-10 02:39:12'),
(1035, 37, 'Updated', NULL, '2023-11-10 02:39:12', '2023-11-10 02:39:12'),
(1036, 39, 'Updated', NULL, '2023-11-10 02:39:12', '2023-11-10 02:39:12'),
(1037, 40, 'Updated', NULL, '2023-11-10 02:39:12', '2023-11-10 02:39:12'),
(1038, 41, 'Updated', NULL, '2023-11-10 02:39:12', '2023-11-10 02:39:12'),
(1039, 42, 'Updated', NULL, '2023-11-10 02:39:12', '2023-11-10 02:39:12'),
(1040, 43, 'Updated', NULL, '2023-11-10 02:39:12', '2023-11-10 02:39:12'),
(1041, 44, 'Updated', NULL, '2023-11-10 02:39:12', '2023-11-10 02:39:12'),
(1042, 45, 'Updated', NULL, '2023-11-10 02:39:12', '2023-11-10 02:39:12'),
(1043, 46, 'Updated', NULL, '2023-11-10 02:39:12', '2023-11-10 02:39:12'),
(1044, 47, 'Created', NULL, '2023-11-10 02:39:12', '2023-11-10 02:39:12'),
(1045, 2, 'Updated', NULL, '2023-11-10 02:39:12', '2023-11-10 02:39:12'),
(1046, 3, 'Updated', NULL, '2023-11-10 02:39:12', '2023-11-10 02:39:12'),
(1047, 4, 'Updated', NULL, '2023-11-10 02:39:12', '2023-11-10 02:39:12'),
(1048, 5, 'Updated', NULL, '2023-11-10 02:39:12', '2023-11-10 02:39:12'),
(1049, 6, 'Updated', NULL, '2023-11-10 02:39:12', '2023-11-10 02:39:12'),
(1050, 7, 'Updated', NULL, '2023-11-10 02:39:12', '2023-11-10 02:39:12'),
(1051, 8, 'Updated', NULL, '2023-11-10 02:39:12', '2023-11-10 02:39:12'),
(1052, 9, 'Updated', NULL, '2023-11-10 02:39:12', '2023-11-10 02:39:12'),
(1053, 10, 'Updated', NULL, '2023-11-10 02:39:12', '2023-11-10 02:39:12'),
(1054, 11, 'Updated', NULL, '2023-11-10 02:39:12', '2023-11-10 02:39:12'),
(1055, 12, 'Updated', NULL, '2023-11-10 02:39:12', '2023-11-10 02:39:12'),
(1056, 13, 'Updated', NULL, '2023-11-10 02:39:12', '2023-11-10 02:39:12'),
(1057, 14, 'Updated', NULL, '2023-11-10 02:39:12', '2023-11-10 02:39:12'),
(1058, 15, 'Updated', NULL, '2023-11-10 02:39:12', '2023-11-10 02:39:12'),
(1059, 16, 'Updated', NULL, '2023-11-10 02:39:12', '2023-11-10 02:39:12'),
(1060, 17, 'Updated', NULL, '2023-11-10 02:39:12', '2023-11-10 02:39:12'),
(1061, 18, 'Updated', NULL, '2023-11-10 02:39:12', '2023-11-10 02:39:12'),
(1062, 19, 'Updated', NULL, '2023-11-10 02:39:12', '2023-11-10 02:39:12'),
(1063, 20, 'Updated', NULL, '2023-11-10 02:39:12', '2023-11-10 02:39:12'),
(1064, 21, 'Updated', NULL, '2023-11-10 02:39:12', '2023-11-10 02:39:12'),
(1065, 22, 'Updated', NULL, '2023-11-10 02:39:12', '2023-11-10 02:39:12'),
(1066, 23, 'Updated', NULL, '2023-11-10 02:39:12', '2023-11-10 02:39:12'),
(1067, 24, 'Updated', NULL, '2023-11-10 02:39:12', '2023-11-10 02:39:12'),
(1068, 25, 'Updated', NULL, '2023-11-10 02:39:12', '2023-11-10 02:39:12'),
(1069, 26, 'Updated', NULL, '2023-11-10 02:39:12', '2023-11-10 02:39:12'),
(1070, 27, 'Updated', NULL, '2023-11-10 02:39:12', '2023-11-10 02:39:12'),
(1071, 28, 'Updated', NULL, '2023-11-10 02:39:12', '2023-11-10 02:39:12'),
(1072, 29, 'Updated', NULL, '2023-11-10 02:39:12', '2023-11-10 02:39:12'),
(1073, 30, 'Updated', NULL, '2023-11-10 02:39:12', '2023-11-10 02:39:12'),
(1074, 31, 'Updated', NULL, '2023-11-10 02:39:12', '2023-11-10 02:39:12'),
(1075, 32, 'Updated', NULL, '2023-11-10 02:39:12', '2023-11-10 02:39:12'),
(1076, 33, 'Updated', NULL, '2023-11-10 02:39:12', '2023-11-10 02:39:12'),
(1077, 34, 'Updated', NULL, '2023-11-10 02:39:12', '2023-11-10 02:39:12'),
(1078, 35, 'Updated', NULL, '2023-11-10 02:39:12', '2023-11-10 02:39:12'),
(1079, 36, 'Updated', NULL, '2023-11-10 02:39:12', '2023-11-10 02:39:12'),
(1080, 37, 'Updated', NULL, '2023-11-10 02:39:12', '2023-11-10 02:39:12'),
(1081, 38, 'Updated', NULL, '2023-11-10 02:39:12', '2023-11-10 02:39:12'),
(1082, 39, 'Updated', NULL, '2023-11-10 02:39:12', '2023-11-10 02:39:12'),
(1083, 40, 'Updated', NULL, '2023-11-10 02:39:12', '2023-11-10 02:39:12'),
(1084, 41, 'Updated', NULL, '2023-11-10 02:39:12', '2023-11-10 02:39:12'),
(1085, 42, 'Updated', NULL, '2023-11-10 02:39:12', '2023-11-10 02:39:12'),
(1086, 43, 'Updated', NULL, '2023-11-10 02:39:12', '2023-11-10 02:39:12'),
(1087, 44, 'Updated', NULL, '2023-11-10 02:39:12', '2023-11-10 02:39:12'),
(1088, 45, 'Updated', NULL, '2023-11-10 02:39:12', '2023-11-10 02:39:12'),
(1089, 46, 'Updated', NULL, '2023-11-10 02:39:12', '2023-11-10 02:39:12'),
(1090, 47, 'Updated', NULL, '2023-11-10 02:39:12', '2023-11-10 02:39:12'),
(1091, 48, 'Created', NULL, '2023-11-10 02:39:12', '2023-11-10 02:39:12'),
(1092, 2, 'Updated', NULL, '2023-11-10 02:39:12', '2023-11-10 02:39:12'),
(1093, 3, 'Updated', NULL, '2023-11-10 02:39:12', '2023-11-10 02:39:12'),
(1094, 4, 'Updated', NULL, '2023-11-10 02:39:12', '2023-11-10 02:39:12'),
(1095, 5, 'Updated', NULL, '2023-11-10 02:39:12', '2023-11-10 02:39:12'),
(1096, 6, 'Updated', NULL, '2023-11-10 02:39:12', '2023-11-10 02:39:12'),
(1097, 7, 'Updated', NULL, '2023-11-10 02:39:12', '2023-11-10 02:39:12'),
(1098, 8, 'Updated', NULL, '2023-11-10 02:39:12', '2023-11-10 02:39:12'),
(1099, 9, 'Updated', NULL, '2023-11-10 02:39:12', '2023-11-10 02:39:12'),
(1100, 10, 'Updated', NULL, '2023-11-10 02:39:12', '2023-11-10 02:39:12'),
(1101, 12, 'Updated', NULL, '2023-11-10 02:39:12', '2023-11-10 02:39:12'),
(1102, 13, 'Updated', NULL, '2023-11-10 02:39:12', '2023-11-10 02:39:12'),
(1103, 14, 'Updated', NULL, '2023-11-10 02:39:12', '2023-11-10 02:39:12'),
(1104, 15, 'Updated', NULL, '2023-11-10 02:39:12', '2023-11-10 02:39:12'),
(1105, 16, 'Updated', NULL, '2023-11-10 02:39:12', '2023-11-10 02:39:12'),
(1106, 17, 'Updated', NULL, '2023-11-10 02:39:12', '2023-11-10 02:39:12'),
(1107, 18, 'Updated', NULL, '2023-11-10 02:39:12', '2023-11-10 02:39:12'),
(1108, 19, 'Updated', NULL, '2023-11-10 02:39:12', '2023-11-10 02:39:12'),
(1109, 20, 'Updated', NULL, '2023-11-10 02:39:12', '2023-11-10 02:39:12'),
(1110, 21, 'Updated', NULL, '2023-11-10 02:39:12', '2023-11-10 02:39:12'),
(1111, 22, 'Updated', NULL, '2023-11-10 02:39:12', '2023-11-10 02:39:12'),
(1112, 23, 'Updated', NULL, '2023-11-10 02:39:12', '2023-11-10 02:39:12'),
(1113, 24, 'Updated', NULL, '2023-11-10 02:39:12', '2023-11-10 02:39:12'),
(1114, 25, 'Updated', NULL, '2023-11-10 02:39:12', '2023-11-10 02:39:12'),
(1115, 26, 'Updated', NULL, '2023-11-10 02:39:12', '2023-11-10 02:39:12'),
(1116, 27, 'Updated', NULL, '2023-11-10 02:39:12', '2023-11-10 02:39:12'),
(1117, 28, 'Updated', NULL, '2023-11-10 02:39:12', '2023-11-10 02:39:12'),
(1118, 29, 'Updated', NULL, '2023-11-10 02:39:12', '2023-11-10 02:39:12'),
(1119, 30, 'Updated', NULL, '2023-11-10 02:39:12', '2023-11-10 02:39:12'),
(1120, 31, 'Updated', NULL, '2023-11-10 02:39:12', '2023-11-10 02:39:12'),
(1121, 32, 'Updated', NULL, '2023-11-10 02:39:12', '2023-11-10 02:39:12'),
(1122, 33, 'Updated', NULL, '2023-11-10 02:39:12', '2023-11-10 02:39:12'),
(1123, 34, 'Updated', NULL, '2023-11-10 02:39:12', '2023-11-10 02:39:12'),
(1124, 35, 'Updated', NULL, '2023-11-10 02:39:12', '2023-11-10 02:39:12'),
(1125, 36, 'Updated', NULL, '2023-11-10 02:39:12', '2023-11-10 02:39:12'),
(1126, 37, 'Updated', NULL, '2023-11-10 02:39:12', '2023-11-10 02:39:12'),
(1127, 38, 'Updated', NULL, '2023-11-10 02:39:12', '2023-11-10 02:39:12'),
(1128, 39, 'Updated', NULL, '2023-11-10 02:39:12', '2023-11-10 02:39:12'),
(1129, 40, 'Updated', NULL, '2023-11-10 02:39:12', '2023-11-10 02:39:12'),
(1130, 41, 'Updated', NULL, '2023-11-10 02:39:12', '2023-11-10 02:39:12'),
(1131, 42, 'Updated', NULL, '2023-11-10 02:39:12', '2023-11-10 02:39:12'),
(1132, 43, 'Updated', NULL, '2023-11-10 02:39:12', '2023-11-10 02:39:12'),
(1133, 44, 'Updated', NULL, '2023-11-10 02:39:12', '2023-11-10 02:39:12'),
(1134, 45, 'Updated', NULL, '2023-11-10 02:39:12', '2023-11-10 02:39:12'),
(1135, 46, 'Updated', NULL, '2023-11-10 02:39:12', '2023-11-10 02:39:12'),
(1136, 47, 'Updated', NULL, '2023-11-10 02:39:12', '2023-11-10 02:39:12'),
(1137, 48, 'Updated', NULL, '2023-11-10 02:39:12', '2023-11-10 02:39:12'),
(1138, 49, 'Created', NULL, '2023-11-10 02:39:12', '2023-11-10 02:39:12'),
(1139, 2, 'Updated', NULL, '2023-11-10 02:39:12', '2023-11-10 02:39:12'),
(1140, 3, 'Updated', NULL, '2023-11-10 02:39:12', '2023-11-10 02:39:12'),
(1141, 4, 'Updated', NULL, '2023-11-10 02:39:12', '2023-11-10 02:39:12'),
(1142, 5, 'Updated', NULL, '2023-11-10 02:39:12', '2023-11-10 02:39:12'),
(1143, 6, 'Updated', NULL, '2023-11-10 02:39:12', '2023-11-10 02:39:12'),
(1144, 7, 'Updated', NULL, '2023-11-10 02:39:12', '2023-11-10 02:39:12'),
(1145, 8, 'Updated', NULL, '2023-11-10 02:39:12', '2023-11-10 02:39:12'),
(1146, 9, 'Updated', NULL, '2023-11-10 02:39:13', '2023-11-10 02:39:13'),
(1147, 10, 'Updated', NULL, '2023-11-10 02:39:13', '2023-11-10 02:39:13'),
(1148, 11, 'Updated', NULL, '2023-11-10 02:39:13', '2023-11-10 02:39:13'),
(1149, 12, 'Updated', NULL, '2023-11-10 02:39:13', '2023-11-10 02:39:13'),
(1150, 13, 'Updated', NULL, '2023-11-10 02:39:13', '2023-11-10 02:39:13'),
(1151, 14, 'Updated', NULL, '2023-11-10 02:39:13', '2023-11-10 02:39:13'),
(1152, 15, 'Updated', NULL, '2023-11-10 02:39:13', '2023-11-10 02:39:13'),
(1153, 16, 'Updated', NULL, '2023-11-10 02:39:13', '2023-11-10 02:39:13'),
(1154, 17, 'Updated', NULL, '2023-11-10 02:39:13', '2023-11-10 02:39:13'),
(1155, 18, 'Updated', NULL, '2023-11-10 02:39:13', '2023-11-10 02:39:13'),
(1156, 19, 'Updated', NULL, '2023-11-10 02:39:13', '2023-11-10 02:39:13'),
(1157, 20, 'Updated', NULL, '2023-11-10 02:39:13', '2023-11-10 02:39:13'),
(1158, 21, 'Updated', NULL, '2023-11-10 02:39:13', '2023-11-10 02:39:13'),
(1159, 22, 'Updated', NULL, '2023-11-10 02:39:13', '2023-11-10 02:39:13'),
(1160, 23, 'Updated', NULL, '2023-11-10 02:39:13', '2023-11-10 02:39:13'),
(1161, 24, 'Updated', NULL, '2023-11-10 02:39:13', '2023-11-10 02:39:13'),
(1162, 25, 'Updated', NULL, '2023-11-10 02:39:13', '2023-11-10 02:39:13'),
(1163, 26, 'Updated', NULL, '2023-11-10 02:39:13', '2023-11-10 02:39:13'),
(1164, 27, 'Updated', NULL, '2023-11-10 02:39:13', '2023-11-10 02:39:13'),
(1165, 28, 'Updated', NULL, '2023-11-10 02:39:13', '2023-11-10 02:39:13'),
(1166, 29, 'Updated', NULL, '2023-11-10 02:39:13', '2023-11-10 02:39:13'),
(1167, 30, 'Updated', NULL, '2023-11-10 02:39:13', '2023-11-10 02:39:13'),
(1168, 31, 'Updated', NULL, '2023-11-10 02:39:13', '2023-11-10 02:39:13'),
(1169, 32, 'Updated', NULL, '2023-11-10 02:39:13', '2023-11-10 02:39:13'),
(1170, 33, 'Updated', NULL, '2023-11-10 02:39:13', '2023-11-10 02:39:13'),
(1171, 34, 'Updated', NULL, '2023-11-10 02:39:13', '2023-11-10 02:39:13'),
(1172, 35, 'Updated', NULL, '2023-11-10 02:39:13', '2023-11-10 02:39:13'),
(1173, 36, 'Updated', NULL, '2023-11-10 02:39:13', '2023-11-10 02:39:13'),
(1174, 37, 'Updated', NULL, '2023-11-10 02:39:13', '2023-11-10 02:39:13'),
(1175, 38, 'Updated', NULL, '2023-11-10 02:39:13', '2023-11-10 02:39:13'),
(1176, 39, 'Updated', NULL, '2023-11-10 02:39:13', '2023-11-10 02:39:13'),
(1177, 40, 'Updated', NULL, '2023-11-10 02:39:13', '2023-11-10 02:39:13'),
(1178, 41, 'Updated', NULL, '2023-11-10 02:39:13', '2023-11-10 02:39:13'),
(1179, 42, 'Updated', NULL, '2023-11-10 02:39:13', '2023-11-10 02:39:13'),
(1180, 43, 'Updated', NULL, '2023-11-10 02:39:13', '2023-11-10 02:39:13'),
(1181, 44, 'Updated', NULL, '2023-11-10 02:39:13', '2023-11-10 02:39:13'),
(1182, 45, 'Updated', NULL, '2023-11-10 02:39:13', '2023-11-10 02:39:13'),
(1183, 46, 'Updated', NULL, '2023-11-10 02:39:13', '2023-11-10 02:39:13'),
(1184, 47, 'Updated', NULL, '2023-11-10 02:39:13', '2023-11-10 02:39:13'),
(1185, 48, 'Updated', NULL, '2023-11-10 02:39:13', '2023-11-10 02:39:13'),
(1186, 49, 'Updated', NULL, '2023-11-10 02:39:13', '2023-11-10 02:39:13'),
(1187, 50, 'Created', NULL, '2023-11-10 02:39:13', '2023-11-10 02:39:13'),
(1188, 2, 'Updated', NULL, '2023-11-10 02:39:13', '2023-11-10 02:39:13'),
(1189, 3, 'Updated', NULL, '2023-11-10 02:39:13', '2023-11-10 02:39:13'),
(1190, 4, 'Updated', NULL, '2023-11-10 02:39:13', '2023-11-10 02:39:13'),
(1191, 5, 'Updated', NULL, '2023-11-10 02:39:13', '2023-11-10 02:39:13'),
(1192, 6, 'Updated', NULL, '2023-11-10 02:39:13', '2023-11-10 02:39:13'),
(1193, 7, 'Updated', NULL, '2023-11-10 02:39:13', '2023-11-10 02:39:13'),
(1194, 9, 'Updated', NULL, '2023-11-10 02:39:13', '2023-11-10 02:39:13'),
(1195, 10, 'Updated', NULL, '2023-11-10 02:39:13', '2023-11-10 02:39:13'),
(1196, 11, 'Updated', NULL, '2023-11-10 02:39:13', '2023-11-10 02:39:13'),
(1197, 12, 'Updated', NULL, '2023-11-10 02:39:13', '2023-11-10 02:39:13'),
(1198, 13, 'Updated', NULL, '2023-11-10 02:39:13', '2023-11-10 02:39:13'),
(1199, 14, 'Updated', NULL, '2023-11-10 02:39:13', '2023-11-10 02:39:13'),
(1200, 16, 'Updated', NULL, '2023-11-10 02:39:13', '2023-11-10 02:39:13'),
(1201, 17, 'Updated', NULL, '2023-11-10 02:39:13', '2023-11-10 02:39:13'),
(1202, 18, 'Updated', NULL, '2023-11-10 02:39:13', '2023-11-10 02:39:13'),
(1203, 19, 'Updated', NULL, '2023-11-10 02:39:13', '2023-11-10 02:39:13'),
(1204, 20, 'Updated', NULL, '2023-11-10 02:39:13', '2023-11-10 02:39:13'),
(1205, 21, 'Updated', NULL, '2023-11-10 02:39:13', '2023-11-10 02:39:13'),
(1206, 22, 'Updated', NULL, '2023-11-10 02:39:13', '2023-11-10 02:39:13'),
(1207, 23, 'Updated', NULL, '2023-11-10 02:39:13', '2023-11-10 02:39:13'),
(1208, 24, 'Updated', NULL, '2023-11-10 02:39:13', '2023-11-10 02:39:13'),
(1209, 25, 'Updated', NULL, '2023-11-10 02:39:13', '2023-11-10 02:39:13'),
(1210, 26, 'Updated', NULL, '2023-11-10 02:39:13', '2023-11-10 02:39:13'),
(1211, 27, 'Updated', NULL, '2023-11-10 02:39:13', '2023-11-10 02:39:13'),
(1212, 28, 'Updated', NULL, '2023-11-10 02:39:13', '2023-11-10 02:39:13'),
(1213, 29, 'Updated', NULL, '2023-11-10 02:39:13', '2023-11-10 02:39:13'),
(1214, 30, 'Updated', NULL, '2023-11-10 02:39:13', '2023-11-10 02:39:13'),
(1215, 31, 'Updated', NULL, '2023-11-10 02:39:13', '2023-11-10 02:39:13'),
(1216, 32, 'Updated', NULL, '2023-11-10 02:39:13', '2023-11-10 02:39:13'),
(1217, 33, 'Updated', NULL, '2023-11-10 02:39:13', '2023-11-10 02:39:13'),
(1218, 34, 'Updated', NULL, '2023-11-10 02:39:13', '2023-11-10 02:39:13'),
(1219, 35, 'Updated', NULL, '2023-11-10 02:39:13', '2023-11-10 02:39:13'),
(1220, 36, 'Updated', NULL, '2023-11-10 02:39:13', '2023-11-10 02:39:13'),
(1221, 37, 'Updated', NULL, '2023-11-10 02:39:13', '2023-11-10 02:39:13'),
(1222, 38, 'Updated', NULL, '2023-11-10 02:39:13', '2023-11-10 02:39:13'),
(1223, 39, 'Updated', NULL, '2023-11-10 02:39:13', '2023-11-10 02:39:13'),
(1224, 41, 'Updated', NULL, '2023-11-10 02:39:13', '2023-11-10 02:39:13'),
(1225, 42, 'Updated', NULL, '2023-11-10 02:39:13', '2023-11-10 02:39:13'),
(1226, 43, 'Updated', NULL, '2023-11-10 02:39:13', '2023-11-10 02:39:13'),
(1227, 44, 'Updated', NULL, '2023-11-10 02:39:13', '2023-11-10 02:39:13'),
(1228, 45, 'Updated', NULL, '2023-11-10 02:39:13', '2023-11-10 02:39:13'),
(1229, 46, 'Updated', NULL, '2023-11-10 02:39:13', '2023-11-10 02:39:13'),
(1230, 47, 'Updated', NULL, '2023-11-10 02:39:13', '2023-11-10 02:39:13'),
(1231, 48, 'Updated', NULL, '2023-11-10 02:39:13', '2023-11-10 02:39:13'),
(1232, 49, 'Updated', NULL, '2023-11-10 02:39:13', '2023-11-10 02:39:13'),
(1233, 50, 'Updated', NULL, '2023-11-10 02:39:13', '2023-11-10 02:39:13'),
(1234, 51, 'Created', NULL, '2023-11-10 02:39:13', '2023-11-10 02:39:13'),
(1235, 2, 'Updated', NULL, '2023-11-10 02:39:13', '2023-11-10 02:39:13'),
(1236, 3, 'Updated', NULL, '2023-11-10 02:39:13', '2023-11-10 02:39:13'),
(1237, 4, 'Updated', NULL, '2023-11-10 02:39:13', '2023-11-10 02:39:13'),
(1238, 5, 'Updated', NULL, '2023-11-10 02:39:13', '2023-11-10 02:39:13'),
(1239, 6, 'Updated', NULL, '2023-11-10 02:39:13', '2023-11-10 02:39:13'),
(1240, 7, 'Updated', NULL, '2023-11-10 02:39:13', '2023-11-10 02:39:13'),
(1241, 8, 'Updated', NULL, '2023-11-10 02:39:13', '2023-11-10 02:39:13'),
(1242, 9, 'Updated', NULL, '2023-11-10 02:39:13', '2023-11-10 02:39:13'),
(1243, 10, 'Updated', NULL, '2023-11-10 02:39:13', '2023-11-10 02:39:13'),
(1244, 11, 'Updated', NULL, '2023-11-10 02:39:13', '2023-11-10 02:39:13'),
(1245, 12, 'Updated', NULL, '2023-11-10 02:39:13', '2023-11-10 02:39:13'),
(1246, 13, 'Updated', NULL, '2023-11-10 02:39:13', '2023-11-10 02:39:13'),
(1247, 14, 'Updated', NULL, '2023-11-10 02:39:13', '2023-11-10 02:39:13'),
(1248, 15, 'Updated', NULL, '2023-11-10 02:39:13', '2023-11-10 02:39:13'),
(1249, 16, 'Updated', NULL, '2023-11-10 02:39:13', '2023-11-10 02:39:13'),
(1250, 17, 'Updated', NULL, '2023-11-10 02:39:13', '2023-11-10 02:39:13'),
(1251, 18, 'Updated', NULL, '2023-11-10 02:39:13', '2023-11-10 02:39:13'),
(1252, 19, 'Updated', NULL, '2023-11-10 02:39:13', '2023-11-10 02:39:13'),
(1253, 20, 'Updated', NULL, '2023-11-10 02:39:13', '2023-11-10 02:39:13'),
(1254, 21, 'Updated', NULL, '2023-11-10 02:39:13', '2023-11-10 02:39:13'),
(1255, 22, 'Updated', NULL, '2023-11-10 02:39:13', '2023-11-10 02:39:13'),
(1256, 23, 'Updated', NULL, '2023-11-10 02:39:13', '2023-11-10 02:39:13'),
(1257, 24, 'Updated', NULL, '2023-11-10 02:39:13', '2023-11-10 02:39:13'),
(1258, 25, 'Updated', NULL, '2023-11-10 02:39:13', '2023-11-10 02:39:13'),
(1259, 26, 'Updated', NULL, '2023-11-10 02:39:13', '2023-11-10 02:39:13'),
(1260, 27, 'Updated', NULL, '2023-11-10 02:39:13', '2023-11-10 02:39:13'),
(1261, 28, 'Updated', NULL, '2023-11-10 02:39:13', '2023-11-10 02:39:13'),
(1262, 29, 'Updated', NULL, '2023-11-10 02:39:13', '2023-11-10 02:39:13'),
(1263, 30, 'Updated', NULL, '2023-11-10 02:39:13', '2023-11-10 02:39:13'),
(1264, 31, 'Updated', NULL, '2023-11-10 02:39:13', '2023-11-10 02:39:13'),
(1265, 32, 'Updated', NULL, '2023-11-10 02:39:13', '2023-11-10 02:39:13'),
(1266, 33, 'Updated', NULL, '2023-11-10 02:39:13', '2023-11-10 02:39:13'),
(1267, 34, 'Updated', NULL, '2023-11-10 02:39:13', '2023-11-10 02:39:13'),
(1268, 35, 'Updated', NULL, '2023-11-10 02:39:13', '2023-11-10 02:39:13'),
(1269, 36, 'Updated', NULL, '2023-11-10 02:39:13', '2023-11-10 02:39:13'),
(1270, 37, 'Updated', NULL, '2023-11-10 02:39:13', '2023-11-10 02:39:13'),
(1271, 38, 'Updated', NULL, '2023-11-10 02:39:13', '2023-11-10 02:39:13'),
(1272, 39, 'Updated', NULL, '2023-11-10 02:39:13', '2023-11-10 02:39:13'),
(1273, 40, 'Updated', NULL, '2023-11-10 02:39:13', '2023-11-10 02:39:13'),
(1274, 41, 'Updated', NULL, '2023-11-10 02:39:13', '2023-11-10 02:39:13'),
(1275, 42, 'Updated', NULL, '2023-11-10 02:39:13', '2023-11-10 02:39:13'),
(1276, 43, 'Updated', NULL, '2023-11-10 02:39:13', '2023-11-10 02:39:13'),
(1277, 44, 'Updated', NULL, '2023-11-10 02:39:13', '2023-11-10 02:39:13'),
(1278, 45, 'Updated', NULL, '2023-11-10 02:39:13', '2023-11-10 02:39:13'),
(1279, 46, 'Updated', NULL, '2023-11-10 02:39:13', '2023-11-10 02:39:13'),
(1280, 47, 'Updated', NULL, '2023-11-10 02:39:13', '2023-11-10 02:39:13'),
(1281, 48, 'Updated', NULL, '2023-11-10 02:39:13', '2023-11-10 02:39:13'),
(1282, 49, 'Updated', NULL, '2023-11-10 02:39:13', '2023-11-10 02:39:13'),
(1283, 50, 'Updated', NULL, '2023-11-10 02:39:13', '2023-11-10 02:39:13'),
(1284, 51, 'Updated', NULL, '2023-11-10 02:39:13', '2023-11-10 02:39:13');

-- --------------------------------------------------------

--
-- Table structure for table `failed_jobs`
--

CREATE TABLE `failed_jobs` (
  `id` bigint(20) UNSIGNED NOT NULL,
  `uuid` varchar(255) NOT NULL,
  `connection` text NOT NULL,
  `queue` text NOT NULL,
  `payload` longtext NOT NULL,
  `exception` longtext NOT NULL,
  `failed_at` timestamp NOT NULL DEFAULT current_timestamp()
) ENGINE=InnoDB DEFAULT CHARSET=utf8mb4 COLLATE=utf8mb4_unicode_ci;

-- --------------------------------------------------------

--
-- Table structure for table `jobs`
--

CREATE TABLE `jobs` (
  `id` bigint(20) UNSIGNED NOT NULL,
  `queue` varchar(255) NOT NULL,
  `payload` longtext NOT NULL,
  `attempts` tinyint(3) UNSIGNED NOT NULL,
  `reserved_at` int(10) UNSIGNED DEFAULT NULL,
  `available_at` int(10) UNSIGNED NOT NULL,
  `created_at` int(10) UNSIGNED NOT NULL
) ENGINE=InnoDB DEFAULT CHARSET=utf8mb4 COLLATE=utf8mb4_unicode_ci;

-- --------------------------------------------------------

--
-- Table structure for table `migrations`
--

CREATE TABLE `migrations` (
  `id` int(10) UNSIGNED NOT NULL,
  `migration` varchar(255) NOT NULL,
  `batch` int(11) NOT NULL
) ENGINE=InnoDB DEFAULT CHARSET=utf8mb4 COLLATE=utf8mb4_unicode_ci;

--
-- Dumping data for table `migrations`
--

INSERT INTO `migrations` (`id`, `migration`, `batch`) VALUES
(1, '2014_10_12_000000_create_users_table', 1),
(2, '2014_10_12_100000_create_password_reset_tokens_table', 1),
(3, '2019_08_19_000000_create_failed_jobs_table', 1),
(4, '2019_12_14_000001_create_personal_access_tokens_table', 1),
(5, '2023_08_13_084740_create_permission_tables', 1),
(6, '2023_08_14_065457_create_jobs_table', 1),
(7, '2023_11_08_031037_create_employee_jobs_table', 1),
(8, '2023_11_08_180428_create_employees_table', 1),
(9, '2023_11_09_120456_create_employee_logs_table', 1);

-- --------------------------------------------------------

--
-- Table structure for table `model_has_permissions`
--

CREATE TABLE `model_has_permissions` (
  `permission_id` bigint(20) UNSIGNED NOT NULL,
  `model_type` varchar(255) NOT NULL,
  `model_id` bigint(20) UNSIGNED NOT NULL
) ENGINE=InnoDB DEFAULT CHARSET=utf8mb4 COLLATE=utf8mb4_unicode_ci;

-- --------------------------------------------------------

--
-- Table structure for table `model_has_roles`
--

CREATE TABLE `model_has_roles` (
  `role_id` bigint(20) UNSIGNED NOT NULL,
  `model_type` varchar(255) NOT NULL,
  `model_id` bigint(20) UNSIGNED NOT NULL
) ENGINE=InnoDB DEFAULT CHARSET=utf8mb4 COLLATE=utf8mb4_unicode_ci;

--
-- Dumping data for table `model_has_roles`
--

INSERT INTO `model_has_roles` (`role_id`, `model_type`, `model_id`) VALUES
(1, 'App\\Models\\User', 1);

-- --------------------------------------------------------

--
-- Table structure for table `password_reset_tokens`
--

CREATE TABLE `password_reset_tokens` (
  `email` varchar(255) NOT NULL,
  `token` varchar(255) NOT NULL,
  `created_at` timestamp NULL DEFAULT NULL
) ENGINE=InnoDB DEFAULT CHARSET=utf8mb4 COLLATE=utf8mb4_unicode_ci;

-- --------------------------------------------------------

--
-- Table structure for table `permissions`
--

CREATE TABLE `permissions` (
  `id` bigint(20) UNSIGNED NOT NULL,
  `name` varchar(255) NOT NULL,
  `guard_name` varchar(255) NOT NULL,
  `created_at` timestamp NULL DEFAULT NULL,
  `updated_at` timestamp NULL DEFAULT NULL
) ENGINE=InnoDB DEFAULT CHARSET=utf8mb4 COLLATE=utf8mb4_unicode_ci;

--
-- Dumping data for table `permissions`
--

INSERT INTO `permissions` (`id`, `name`, `guard_name`, `created_at`, `updated_at`) VALUES
(1, 'role_add', 'api', '2023-11-10 02:39:05', '2023-11-10 02:39:05'),
(2, 'role_edit', 'api', '2023-11-10 02:39:05', '2023-11-10 02:39:05'),
(3, 'role_view', 'api', '2023-11-10 02:39:05', '2023-11-10 02:39:05'),
(4, 'role_delete', 'api', '2023-11-10 02:39:05', '2023-11-10 02:39:05'),
(5, 'role_export', 'api', '2023-11-10 02:39:05', '2023-11-10 02:39:05'),
(6, 'role_import', 'api', '2023-11-10 02:39:05', '2023-11-10 02:39:05'),
(7, 'user_add', 'api', '2023-11-10 02:39:05', '2023-11-10 02:39:05'),
(8, 'user_edit', 'api', '2023-11-10 02:39:05', '2023-11-10 02:39:05'),
(9, 'user_view', 'api', '2023-11-10 02:39:05', '2023-11-10 02:39:05'),
(10, 'user_delete', 'api', '2023-11-10 02:39:05', '2023-11-10 02:39:05'),
(11, 'user_export', 'api', '2023-11-10 02:39:05', '2023-11-10 02:39:05'),
(12, 'user_import', 'api', '2023-11-10 02:39:05', '2023-11-10 02:39:05'),
(13, 'employee_add', 'api', '2023-11-10 02:39:05', '2023-11-10 02:39:05'),
(14, 'employee_edit', 'api', '2023-11-10 02:39:05', '2023-11-10 02:39:05'),
(15, 'employee_view', 'api', '2023-11-10 02:39:05', '2023-11-10 02:39:05'),
(16, 'employee_delete', 'api', '2023-11-10 02:39:05', '2023-11-10 02:39:05'),
(17, 'employee_export', 'api', '2023-11-10 02:39:05', '2023-11-10 02:39:05'),
(18, 'employee_import', 'api', '2023-11-10 02:39:05', '2023-11-10 02:39:05');

-- --------------------------------------------------------

--
-- Table structure for table `personal_access_tokens`
--

CREATE TABLE `personal_access_tokens` (
  `id` bigint(20) UNSIGNED NOT NULL,
  `tokenable_type` varchar(255) NOT NULL,
  `tokenable_id` bigint(20) UNSIGNED NOT NULL,
  `name` varchar(255) NOT NULL,
  `token` varchar(64) NOT NULL,
  `abilities` text DEFAULT NULL,
  `last_used_at` timestamp NULL DEFAULT NULL,
  `expires_at` timestamp NULL DEFAULT NULL,
  `created_at` timestamp NULL DEFAULT NULL,
  `updated_at` timestamp NULL DEFAULT NULL
) ENGINE=InnoDB DEFAULT CHARSET=utf8mb4 COLLATE=utf8mb4_unicode_ci;

-- --------------------------------------------------------

--
-- Table structure for table `roles`
--

CREATE TABLE `roles` (
  `id` bigint(20) UNSIGNED NOT NULL,
  `name` varchar(255) NOT NULL,
  `guard_name` varchar(255) NOT NULL,
  `created_at` timestamp NULL DEFAULT NULL,
  `updated_at` timestamp NULL DEFAULT NULL
) ENGINE=InnoDB DEFAULT CHARSET=utf8mb4 COLLATE=utf8mb4_unicode_ci;

--
-- Dumping data for table `roles`
--

INSERT INTO `roles` (`id`, `name`, `guard_name`, `created_at`, `updated_at`) VALUES
(1, 'admin', 'api', '2023-11-10 02:39:05', '2023-11-10 02:39:05'),
(2, 'hr', 'api', '2023-11-10 02:39:05', '2023-11-10 02:39:05'),
(3, 'employee', 'api', '2023-11-10 02:39:05', '2023-11-10 02:39:05');

-- --------------------------------------------------------

--
-- Table structure for table `role_has_permissions`
--

CREATE TABLE `role_has_permissions` (
  `permission_id` bigint(20) UNSIGNED NOT NULL,
  `role_id` bigint(20) UNSIGNED NOT NULL
) ENGINE=InnoDB DEFAULT CHARSET=utf8mb4 COLLATE=utf8mb4_unicode_ci;

-- --------------------------------------------------------

--
-- Table structure for table `users`
--

CREATE TABLE `users` (
  `id` bigint(20) UNSIGNED NOT NULL,
  `name` varchar(255) NOT NULL,
  `email` varchar(255) NOT NULL,
  `email_verified_at` timestamp NULL DEFAULT NULL,
  `password` varchar(255) NOT NULL,
  `remember_token` varchar(100) DEFAULT NULL,
  `created_at` timestamp NULL DEFAULT NULL,
  `updated_at` timestamp NULL DEFAULT NULL,
  `deleted_at` timestamp NULL DEFAULT NULL
) ENGINE=InnoDB DEFAULT CHARSET=utf8mb4 COLLATE=utf8mb4_unicode_ci;

--
-- Dumping data for table `users`
--

INSERT INTO `users` (`id`, `name`, `email`, `email_verified_at`, `password`, `remember_token`, `created_at`, `updated_at`, `deleted_at`) VALUES
(1, 'admin', 'admin@TorNet.co', '2023-11-10 02:39:05', '$2y$10$.oBxE6Bn3yqivxj3UES1VOzBPa1ngSCB/sm9EpjlemzQNbv1uskX6', NULL, '2023-11-10 02:39:05', '2023-11-10 02:39:05', NULL);

--
-- Indexes for dumped tables
--

--
-- Indexes for table `employees`
--
ALTER TABLE `employees`
  ADD PRIMARY KEY (`id`),
  ADD UNIQUE KEY `employees_email_unique` (`email`),
  ADD KEY `employees_manager_id_foreign` (`manager_id`),
  ADD KEY `employees_job_id_foreign` (`job_id`),
  ADD KEY `employees_created_by_foreign` (`created_by`),
  ADD KEY `employees_updated_by_foreign` (`updated_by`);

--
-- Indexes for table `employee_jobs`
--
ALTER TABLE `employee_jobs`
  ADD PRIMARY KEY (`id`),
  ADD KEY `employee_jobs_created_by_foreign` (`created_by`),
  ADD KEY `employee_jobs_updated_by_foreign` (`updated_by`);

--
-- Indexes for table `employee_logs`
--
ALTER TABLE `employee_logs`
  ADD PRIMARY KEY (`id`),
  ADD KEY `employee_logs_employee_id_foreign` (`employee_id`),
  ADD KEY `employee_logs_action_by_foreign` (`action_by`);

--
-- Indexes for table `failed_jobs`
--
ALTER TABLE `failed_jobs`
  ADD PRIMARY KEY (`id`),
  ADD UNIQUE KEY `failed_jobs_uuid_unique` (`uuid`);

--
-- Indexes for table `jobs`
--
ALTER TABLE `jobs`
  ADD PRIMARY KEY (`id`),
  ADD KEY `jobs_queue_index` (`queue`);

--
-- Indexes for table `migrations`
--
ALTER TABLE `migrations`
  ADD PRIMARY KEY (`id`);

--
-- Indexes for table `model_has_permissions`
--
ALTER TABLE `model_has_permissions`
  ADD PRIMARY KEY (`permission_id`,`model_id`,`model_type`),
  ADD KEY `model_has_permissions_model_id_model_type_index` (`model_id`,`model_type`);

--
-- Indexes for table `model_has_roles`
--
ALTER TABLE `model_has_roles`
  ADD PRIMARY KEY (`role_id`,`model_id`,`model_type`),
  ADD KEY `model_has_roles_model_id_model_type_index` (`model_id`,`model_type`);

--
-- Indexes for table `password_reset_tokens`
--
ALTER TABLE `password_reset_tokens`
  ADD PRIMARY KEY (`email`);

--
-- Indexes for table `permissions`
--
ALTER TABLE `permissions`
  ADD PRIMARY KEY (`id`),
  ADD UNIQUE KEY `permissions_name_guard_name_unique` (`name`,`guard_name`);

--
-- Indexes for table `personal_access_tokens`
--
ALTER TABLE `personal_access_tokens`
  ADD PRIMARY KEY (`id`),
  ADD UNIQUE KEY `personal_access_tokens_token_unique` (`token`),
  ADD KEY `personal_access_tokens_tokenable_type_tokenable_id_index` (`tokenable_type`,`tokenable_id`);

--
-- Indexes for table `roles`
--
ALTER TABLE `roles`
  ADD PRIMARY KEY (`id`),
  ADD UNIQUE KEY `roles_name_guard_name_unique` (`name`,`guard_name`);

--
-- Indexes for table `role_has_permissions`
--
ALTER TABLE `role_has_permissions`
  ADD PRIMARY KEY (`permission_id`,`role_id`),
  ADD KEY `role_has_permissions_role_id_foreign` (`role_id`);

--
-- Indexes for table `users`
--
ALTER TABLE `users`
  ADD PRIMARY KEY (`id`),
  ADD UNIQUE KEY `users_email_unique` (`email`);

--
-- AUTO_INCREMENT for dumped tables
--

--
-- AUTO_INCREMENT for table `employees`
--
ALTER TABLE `employees`
  MODIFY `id` bigint(20) UNSIGNED NOT NULL AUTO_INCREMENT, AUTO_INCREMENT=52;

--
-- AUTO_INCREMENT for table `employee_jobs`
--
ALTER TABLE `employee_jobs`
  MODIFY `id` bigint(20) UNSIGNED NOT NULL AUTO_INCREMENT, AUTO_INCREMENT=15;

--
-- AUTO_INCREMENT for table `employee_logs`
--
ALTER TABLE `employee_logs`
  MODIFY `id` bigint(20) UNSIGNED NOT NULL AUTO_INCREMENT, AUTO_INCREMENT=1285;

--
-- AUTO_INCREMENT for table `failed_jobs`
--
ALTER TABLE `failed_jobs`
  MODIFY `id` bigint(20) UNSIGNED NOT NULL AUTO_INCREMENT;

--
-- AUTO_INCREMENT for table `jobs`
--
ALTER TABLE `jobs`
  MODIFY `id` bigint(20) UNSIGNED NOT NULL AUTO_INCREMENT;

--
-- AUTO_INCREMENT for table `migrations`
--
ALTER TABLE `migrations`
  MODIFY `id` int(10) UNSIGNED NOT NULL AUTO_INCREMENT, AUTO_INCREMENT=10;

--
-- AUTO_INCREMENT for table `permissions`
--
ALTER TABLE `permissions`
  MODIFY `id` bigint(20) UNSIGNED NOT NULL AUTO_INCREMENT, AUTO_INCREMENT=19;

--
-- AUTO_INCREMENT for table `personal_access_tokens`
--
ALTER TABLE `personal_access_tokens`
  MODIFY `id` bigint(20) UNSIGNED NOT NULL AUTO_INCREMENT;

--
-- AUTO_INCREMENT for table `roles`
--
ALTER TABLE `roles`
  MODIFY `id` bigint(20) UNSIGNED NOT NULL AUTO_INCREMENT, AUTO_INCREMENT=4;

--
-- AUTO_INCREMENT for table `users`
--
ALTER TABLE `users`
  MODIFY `id` bigint(20) UNSIGNED NOT NULL AUTO_INCREMENT, AUTO_INCREMENT=2;

--
-- Constraints for dumped tables
--

--
-- Constraints for table `employees`
--
ALTER TABLE `employees`
  ADD CONSTRAINT `employees_created_by_foreign` FOREIGN KEY (`created_by`) REFERENCES `users` (`id`) ON DELETE SET NULL,
  ADD CONSTRAINT `employees_job_id_foreign` FOREIGN KEY (`job_id`) REFERENCES `employee_jobs` (`id`) ON DELETE CASCADE,
  ADD CONSTRAINT `employees_manager_id_foreign` FOREIGN KEY (`manager_id`) REFERENCES `employees` (`id`) ON DELETE CASCADE,
  ADD CONSTRAINT `employees_updated_by_foreign` FOREIGN KEY (`updated_by`) REFERENCES `users` (`id`) ON DELETE SET NULL;

--
-- Constraints for table `employee_jobs`
--
ALTER TABLE `employee_jobs`
  ADD CONSTRAINT `employee_jobs_created_by_foreign` FOREIGN KEY (`created_by`) REFERENCES `users` (`id`) ON DELETE SET NULL,
  ADD CONSTRAINT `employee_jobs_updated_by_foreign` FOREIGN KEY (`updated_by`) REFERENCES `users` (`id`) ON DELETE SET NULL;

--
-- Constraints for table `employee_logs`
--
ALTER TABLE `employee_logs`
  ADD CONSTRAINT `employee_logs_action_by_foreign` FOREIGN KEY (`action_by`) REFERENCES `users` (`id`) ON DELETE SET NULL,
  ADD CONSTRAINT `employee_logs_employee_id_foreign` FOREIGN KEY (`employee_id`) REFERENCES `employees` (`id`) ON DELETE CASCADE;

--
-- Constraints for table `model_has_permissions`
--
ALTER TABLE `model_has_permissions`
  ADD CONSTRAINT `model_has_permissions_permission_id_foreign` FOREIGN KEY (`permission_id`) REFERENCES `permissions` (`id`) ON DELETE CASCADE;

--
-- Constraints for table `model_has_roles`
--
ALTER TABLE `model_has_roles`
  ADD CONSTRAINT `model_has_roles_role_id_foreign` FOREIGN KEY (`role_id`) REFERENCES `roles` (`id`) ON DELETE CASCADE;

--
-- Constraints for table `role_has_permissions`
--
ALTER TABLE `role_has_permissions`
  ADD CONSTRAINT `role_has_permissions_permission_id_foreign` FOREIGN KEY (`permission_id`) REFERENCES `permissions` (`id`) ON DELETE CASCADE,
  ADD CONSTRAINT `role_has_permissions_role_id_foreign` FOREIGN KEY (`role_id`) REFERENCES `roles` (`id`) ON DELETE CASCADE;
COMMIT;

/*!40101 SET CHARACTER_SET_CLIENT=@OLD_CHARACTER_SET_CLIENT */;
/*!40101 SET CHARACTER_SET_RESULTS=@OLD_CHARACTER_SET_RESULTS */;
/*!40101 SET COLLATION_CONNECTION=@OLD_COLLATION_CONNECTION */;
